Protein	Protein ID	Entry Name	Gene	Length	Is Decoy	Is Contaminant	Organism	Protein Description	Protein Existence	Coverage	Protein Probability	Top Peptide Probability	Protein Qvalue	Total Peptides	Unique Peptides	Razor Peptides	Total Spectral Count	Unique Spectral Count	Razor Spectral Count	Total Intensity	Unique Intensity	Razor Intensity	Razor Assigned Modifications	Razor Observed Modifications	Indistinguishable Proteins
sp|A2BIL7|BAZ1B_DANRE	A2BIL7	BAZ1B_DANRE	baz1b	1536	false	false	Danio rerio	Tyrosine-protein kinase BAZ1B	1:Experimental evidence at protein level	0.59	1.0000	0.9990	0.00000000000000	1	1	1	1	1	1	0	0	0			
sp|B5DE31|YBOX1_DANRE	B5DE31	YBOX1_DANRE	ybx1	310	false	false	Danio rerio	Y-box-binding protein 1	1:Experimental evidence at protein level	5.48	1.0000	0.9990	0.00000000000000	1	1	1	1	1	1	0	0	0			
sp|F1QGH7|CTNB1_DANRE	F1QGH7	CTNB1_DANRE	ctnnb1	780	false	false	Danio rerio	Catenin beta-1	1:Experimental evidence at protein level	1.28	1.0000	0.9990	0.00000000000000	1	0	1	1	0	1	1617486.5	0	1617486.5	5C(57.0215)		
sp|F1QGH9|PS11B_DANRE	F1QGH9	PS11B_DANRE	psmd11b	422	false	false	Danio rerio	26S proteasome non-ATPase regulatory subunit 11B	2:Experimental evidence at transcript level	2.37	1.0000	0.9983	0.00000000000000	1	1	1	1	1	1	760685.44	760685.44	760685.44	N-term(42.0106)		
sp|O57521|HS90B_DANRE	O57521	HS90B_DANRE	hsp90ab1	725	false	false	Danio rerio	Heat shock protein HSP 90-beta	1:Experimental evidence at protein level	1.93	1.0000	0.9990	0.00000000000000	1	0	1	1	0	1	4419750.0	0	4419750.0			
sp|O77727|K1C15_SHEEP	O77727	K1C15_SHEEP	KRT15	453	false	false	Ovis aries	Keratin, type I cytoskeletal 15	2:Experimental evidence at transcript level	10.38	1.0000	0.9990	0.00000000000000	7	2	2	9	2	2	1.24150502E9	3.0787694E7	3.0787694E7			
sp|P00760|TRY1_BOVIN	P00760	TRY1_BOVIN	PRSS1	246	false	false	Bos taurus	Serine protease 1	1:Experimental evidence at protein level	8.13	1.0000	0.9990	0.00000000000000	1	1	1	1	1	1	2583731.0	2583731.0	2583731.0			
sp|P00761|TRYP_PIG	P00761	TRYP_PIG		231	false	false	Sus scrofa	Trypsin	1:Experimental evidence at protein level	49.78	1.0000	0.9990	0.00000000000000	10	10	10	16	16	16	1.87407552E9	1.87407552E9	1.87407552E9	12C(57.0215),12C(57.0215),17M(15.9949),17M(15.9949),17M(15.9949),2C(57.0215),2C(57.0215),2C(57.0215),9C(57.0215),2C(57.0215),9C(57.0215),9C(57.0215)		
sp|P02662|CASA1_BOVIN	P02662	CASA1_BOVIN	CSN1S1	214	false	false	Bos taurus	Alpha-S1-casein	1:Experimental evidence at protein level	10.28	1.0000	0.9990	0.00000000000000	2	2	2	2	2	2	2074144.1	2074144.1	2074144.1			
sp|P02668|CASK_BOVIN	P02668	CASK_BOVIN	CSN3	190	false	false	Bos taurus	Kappa-casein	1:Experimental evidence at protein level	5.26	1.0000	0.9990	0.00000000000000	1	1	1	1	1	1	487940.22	487940.22	487940.22			
sp|P02768|ALBU_HUMAN	P02768	ALBU_HUMAN	ALB	609	false	false	Homo sapiens	Albumin	1:Experimental evidence at protein level	29.56	1.0000	0.9989	0.00000000000000	16	8	8	20	8	8	1.9891454E10	1.8551038E7	1.8551038E7	10C(57.0215),11C(57.0215),12M(15.9949),3C(57.0215),13C(57.0215),5C(57.0215),6C(57.0215),22C(57.0215)		
sp|P02769|ALBU_BOVIN	P02769	ALBU_BOVIN	ALB	607	false	false	Bos taurus	Albumin	1:Experimental evidence at protein level	92.75	1.0000	0.9990	0.00000000000000	110	102	110	199	187	199	2.95593595E10	2.46609428E10	2.95593595E10	10C(57.0215),11C(57.0215),10C(57.0215),11C(57.0215),10C(57.0215),18C(57.0215),9C(57.0215),10C(57.0215),18C(57.0215),9C(57.0215),10C(57.0215),18C(57.0215),9C(57.0215),10C(57.0215),18C(57.0215),9C(57.0215),10C(57.0215),1C(57.0215),2C(57.0215),10C(57.0215),1C(57.0215),2C(57.0215),10C(57.0215),1C(57.0215),2C(57.0215),10C(57.0215),20C(57.0215),6M(15.9949),9C(57.0215),10C(57.0215),2C(57.0215),3C(57.0215),10C(57.0215),2C(57.0215),3C(57.0215),10C(57.0215),2C(57.0215),3C(57.0215),10C(57.0215),2C(57.0215),3C(57.0215),10C(57.0215),2C(57.0215),3C(57.0215),10C(57.0215),6M(15.9949),9C(57.0215),10C(57.0215),6M(15.9949),9C(57.0215),10C(57.0215),9C(57.0215),10C(57.0215),9C(57.0215),10C(57.0215),9C(57.0215),10C(57.0215),9C(57.0215),10C(57.0215),9C(57.0215),10C(57.0215),9C(57.0215),10M(15.9949),10M(15.9949),10M(15.9949),12C(57.0215),1C(57.0215),2C(57.0215),10M(15.9949),12C(57.0215),1C(57.0215),2C(57.0215),11C(57.0215),11C(57.0215),11C(57.0215),11C(57.0215),11C(57.0215),11C(57.0215),24C(57.0215),2C(57.0215),11C(57.0215),24C(57.0215),2C(57.0215),11C(57.0215),2C(57.0215),11C(57.0215),2C(57.0215),11M(15.9949),14C(57.0215),15C(57.0215),11M(15.9949),14C(57.0215),15C(57.0215),12C(57.0215),13C(57.0215),12C(57.0215),13C(57.0215),12C(57.0215),13C(57.0215),21C(57.0215),12C(57.0215),13C(57.0215),21C(57.0215),12C(57.0215),1C(57.0215),2C(57.0215),12C(57.0215),1C(57.0215),2C(57.0215),12C(57.0215),1C(57.0215),2C(57.0215),12C(57.0215),1C(57.0215),2C(57.0215),12C(57.0215),21C(57.0215),12C(57.0215),21C(57.0215),13C(57.0215),14C(57.0215),13C(57.0215),14C(57.0215),22C(57.0215),13C(57.0215),14C(57.0215),22C(57.0215),13C(57.0215),14C(57.0215),22C(57.0215),3M(15.9949),13C(57.0215),14C(57.0215),22C(57.0215),3M(15.9949),13C(57.0215),5C(57.0215),6C(57.0215),13C(57.0215),5C(57.0215),6C(57.0215),13C(57.0215),5C(57.0215),6C(57.0215),13C(57.0215),5C(57.0215),6C(57.0215),13C(57.0215),5C(57.0215),6C(57.0215),14C(57.0215),14C(57.0215),14C(57.0215),14C(57.0215),14C(57.0215),14C(57.0215),14C(57.0215),14C(57.0215),14C(57.0215),14C(57.0215),15C(57.0215),14C(57.0215),15C(57.0215),16C(57.0215),17C(57.0215),3C(57.0215),16C(57.0215),5C(57.0215),6C(57.0215),17C(57.0215),8C(57.0215),9C(57.0215),17C(57.0215),8C(57.0215),9C(57.0215),1C(57.0215),1C(57.0215),1C(57.0215),2C(57.0215),1C(57.0215),2C(57.0215),1C(57.0215),2C(57.0215),1M(15.9949),3C(57.0215),1M(15.9949),3C(57.0215),21C(57.0215),21C(57.0215),21C(57.0215),21C(57.0215),22C(57.0215),23C(57.0215),24C(57.0215),23C(57.0215),24C(57.0215),32C(57.0215),24C(57.0215),24C(57.0215),25C(57.0215),2C(57.0215),2C(57.0215),2C(57.0215),2C(57.0215),3C(57.0215),2C(57.0215),3C(57.0215),30C(57.0215),3C(57.0215),3C(57.0215),3C(57.0215),3C(57.0215),3C(57.0215),3C(57.0215),3C(57.0215),3C(57.0215),3C(57.0215),3C(57.0215),3C(57.0215),3C(57.0215),3C(57.0215),3C(57.0215),3C(57.0215),3C(57.0215),3C(57.0215),3C(57.0215),3C(57.0215),3C(57.0215),3C(57.0215),3C(57.0215),3C(57.0215),3C(57.0215),3M(15.9949),3M(15.9949),4C(57.0215),5C(57.0215),4C(57.0215),5C(57.0215),4C(57.0215),5C(57.0215),4C(57.0215),5C(57.0215),5C(57.0215),6C(57.0215),5C(57.0215),6C(57.0215),6C(57.0215),6C(57.0215),6C(57.0215),6C(57.0215),6C(57.0215),8C(57.0215),8C(57.0215),8C(57.0215),9C(57.0215),8C(57.0215),9C(57.0215),9C(57.0215),9C(57.0215),9C(57.0215),9C(57.0215),9C(57.0215),9C(57.0215),9C(57.0215),9C(57.0215),9C(57.0215),9C(57.0215),9C(57.0215),9C(57.0215),9C(57.0215),9C(57.0215)		
sp|P02788|TRFL_HUMAN	P02788	TRFL_HUMAN	LTF	710	false	false	Homo sapiens	Lactotransferrin	1:Experimental evidence at protein level	3.66	1.0000	0.9990	0.00000000000000	3	3	3	2	2	2	2198305.0	2198305.0	2198305.0	10C(57.0215)		
sp|P04040|CATA_HUMAN	P04040	CATA_HUMAN	CAT	527	false	false	Homo sapiens	Catalase	1:Experimental evidence at protein level	3.80	1.0000	0.9990	0.00000000000000	2	2	2	2	2	2	518660.8	518660.8	518660.8			
sp|P04264|K2C1_HUMAN	P04264	K2C1_HUMAN	KRT1	644	false	false	Homo sapiens	Keratin, type II cytoskeletal 1	1:Experimental evidence at protein level	62.73	1.0000	0.9990	0.00000000000000	47	42	47	78	71	78	1.93186765E9	1.40899443E9	1.93186765E9	11M(15.9949),1M(15.9949),5C(57.0215),1M(15.9949),5C(57.0215),4C(57.0215),4C(57.0215),5C(57.0215),5M(15.9949),6M(15.9949),7M(15.9949),8M(15.9949),9M(15.9949),9M(15.9949)		
sp|P07339|CATD_HUMAN	P07339	CATD_HUMAN	CTSD	412	false	false	Homo sapiens	Cathepsin D	1:Experimental evidence at protein level	5.10	1.0000	0.9990	0.00000000000000	3	2	3	2	1	2	1321576.6	923221.06	1321576.6			
sp|P0DTE7|AMY1B_HUMAN	P0DTE7	AMY1B_HUMAN	AMY1B	511	false	false	Homo sapiens	Alpha-amylase 1B	1:Experimental evidence at protein level	1.96	1.0000	0.9990	0.00000000000000	1	0	1	1	0	1	486926.0	0	486926.0	8C(57.0215)		sp|P0DTE8|AMY1C_HUMAN, sp|P0DUB6|AMY1A_HUMAN
sp|P10599|THIO_HUMAN	P10599	THIO_HUMAN	TXN	105	false	false	Homo sapiens	Thioredoxin	1:Experimental evidence at protein level	12.38	1.0000	0.9990	0.00000000000000	1	1	1	1	1	1	0	0	0			
sp|P13645|K1C10_HUMAN	P13645	K1C10_HUMAN	KRT10	584	false	false	Homo sapiens	Keratin, type I cytoskeletal 10	1:Experimental evidence at protein level	59.08	1.0000	0.9990	0.00000000000000	40	33	40	64	55	64	1.39012813E9	1.15277453E9	1.39012813E9	10C(57.0215),10C(57.0215),11M(15.9949),11M(15.9949),14M(15.9949),16C(57.0215),26C(57.0215),26M(15.9949),3M(15.9949),3M(15.9949),5C(57.0215),5C(57.0215),5M(15.9949),5M(15.9949),5M(15.9949),6M(15.9949),7C(57.0215)		
sp|P35527|K1C9_HUMAN	P35527	K1C9_HUMAN	KRT9	623	false	false	Homo sapiens	Keratin, type I cytoskeletal 9	1:Experimental evidence at protein level	67.90	1.0000	0.9990	0.00000000000000	37	36	36	56	55	55	5.3493472E8	4.94706048E8	4.94706048E8	15M(15.9949),1M(15.9949),2C(57.0215),7M(15.9949),3M(15.9949),3M(15.9949),5C(57.0215),5C(57.0215),5M(15.9949),5M(15.9949),5M(15.9949),5M(15.9949),8M(15.9949),8M(15.9949)		
sp|P35908|K22E_HUMAN	P35908	K22E_HUMAN	KRT2	639	false	false	Homo sapiens	Keratin, type II cytoskeletal 2 epidermal	1:Experimental evidence at protein level	83.72	1.0000	0.9990	0.00000000000000	56	48	52	92	84	87	1.44648717E9	7.2549907E8	7.2549907E8	10M(15.9949),19M(15.9949),1M(15.9949),23M(15.9949),23M(15.9949),6M(15.9949),7C(57.0215),7C(57.0215),7M(15.9949),7M(15.9949),7M(15.9949),7M(15.9949),8C(57.0215),8C(57.0215),8C(57.0215),8M(15.9949),9M(15.9949),9M(15.9949),N-term(42.0106),2C(57.0215),6C(57.0215)		
sp|P61626|LYSC_HUMAN	P61626	LYSC_HUMAN	LYZ	148	false	false	Homo sapiens	Lysozyme C	1:Experimental evidence at protein level	35.14	1.0000	0.9990	0.00000000000000	3	3	3	3	3	3	7488258.0	7488258.0	7488258.0	12C(57.0215),26C(57.0215),8C(57.0215),8M(15.9949),9C(57.0215)		
sp|P62084|RS7_DANRE	P62084	RS7_DANRE	rps7	194	false	false	Danio rerio	40S ribosomal protein S7	1:Experimental evidence at protein level	6.19	1.0000	0.9990	0.00000000000000	1	1	1	1	1	1	2839760.8	2839760.8	2839760.8			
sp|P62937|PPIA_HUMAN	P62937	PPIA_HUMAN	PPIA	165	false	false	Homo sapiens	Peptidyl-prolyl cis-trans isomerase A	1:Experimental evidence at protein level	10.91	1.0000	0.9990	0.00000000000000	1	1	1	2	2	2	3988122.0	3988122.0	3988122.0			
sp|P68871|HBB_HUMAN	P68871	HBB_HUMAN	HBB	147	false	false	Homo sapiens	Hemoglobin subunit beta	1:Experimental evidence at protein level	34.69	1.0000	0.9986	0.00000000000000	4	4	4	5	5	5	2.0002332E7	2.0002332E7	2.0002332E7	15M(15.9949)		
sp|P69905|HBA_HUMAN	P69905	HBA_HUMAN	HBA2	142	false	false	Homo sapiens	Hemoglobin subunit alpha	1:Experimental evidence at protein level	26.76	1.0000	0.9982	0.00000000000000	3	3	3	5	5	5	1.6869858E7	1.6869858E7	1.6869858E7	1M(15.9949)		
sp|Q06830|PRDX1_HUMAN	Q06830	PRDX1_HUMAN	PRDX1	199	false	false	Homo sapiens	Peroxiredoxin-1	1:Experimental evidence at protein level	16.58	1.0000	0.9984	0.00000000000000	3	1	1	3	1	1	8792624.0	3059548.5	3059548.5			
sp|Q58EE9|GFAP_DANRE	Q58EE9	GFAP_DANRE	gfap	444	false	false	Danio rerio	Glial fibrillary acidic protein	1:Experimental evidence at protein level	7.88	1.0000	0.9990	0.00000000000000	3	1	1	3	1	1	8.4227512E7	0	0			
sp|Q5MJ86|G3P2_DANRE	Q5MJ86	G3P2_DANRE	gapdh-2	335	false	false	Danio rerio	Glyceraldehyde-3-phosphate dehydrogenase 2	2:Experimental evidence at transcript level	8.36	1.0000	0.9990	0.00000000000000	4	2	4	2	2	2	5960256.5	2594620.0	5960256.5	13C(57.0215),13C(57.0215)		
sp|Q5TZ66|SN25A_DANRE	Q5TZ66	SN25A_DANRE	snap25a	204	false	false	Danio rerio	Synaptosomal-associated protein 25-A	2:Experimental evidence at transcript level	6.86	1.0000	0.9990	0.00000000000000	1	0	0	1	0	0	1223799.8	0	0			
sp|Q5XJ10|G3P_DANRE	Q5XJ10	G3P_DANRE	gapdh	333	false	false	Danio rerio	Glyceraldehyde-3-phosphate dehydrogenase	2:Experimental evidence at transcript level	4.20	1.0000	0.9990	0.00000000000000	3	1	1	1	1	1	6116210.0	1615828.9	1615828.9			
sp|Q6DGJ3|TIM13_DANRE	Q6DGJ3	TIM13_DANRE	timm13	95	false	false	Danio rerio	Mitochondrial import inner membrane translocase subunit Tim13	3:Protein inferred from homology	14.74	1.0000	0.9990	0.00000000000000	1	1	1	1	1	1	0	0	0			
sp|Q6NWF6|K2C8_DANRE	Q6NWF6	K2C8_DANRE	krt8	520	false	false	Danio rerio	Keratin, type II cytoskeletal 8	1:Experimental evidence at protein level	8.85	1.0000	0.9990	0.00000000000000	7	1	2	8	1	2	1.32522544E8	0	8030516.0	6M(15.9949)		
sp|Q6NYA0|SRS1B_DANRE	Q6NYA0	SRS1B_DANRE	srsf1b	245	false	false	Danio rerio	Serine/arginine-rich splicing factor 1B	2:Experimental evidence at transcript level	4.08	1.0000	0.9986	0.00000000000000	1	0	0	1	0	0	0	0	0			
sp|Q6NYE2|RCC2_DANRE	Q6NYE2	RCC2_DANRE	rcc2	495	false	false	Danio rerio	Protein RCC2 homolog	2:Experimental evidence at transcript level	1.41	1.0000	0.9990	0.00000000000000	1	1	1	1	1	1	1093552.2	1093552.2	1093552.2			
sp|Q6NYS8|OST48_DANRE	Q6NYS8	OST48_DANRE	ddost	441	false	false	Danio rerio	Dolichyl-diphosphooligosaccharide--protein glycosyltransferase 48 kDa subunit	2:Experimental evidence at transcript level	2.49	1.0000	0.9990	0.00000000000000	1	1	1	1	1	1	287484.06	287484.06	287484.06			
sp|Q6P026|BAF_DANRE	Q6P026	BAF_DANRE	banf1	90	false	false	Danio rerio	Barrier-to-autointegration factor	1:Experimental evidence at protein level	42.22	1.0000	0.9990	0.00000000000000	3	3	3	4	4	4	1779326.5	1779326.5	1779326.5	3M(15.9949)		
sp|Q6PBY1|RS3A_DANRE	Q6PBY1	RS3A_DANRE	rps3a	267	false	false	Danio rerio	40S ribosomal protein S3a	1:Experimental evidence at protein level	6.37	1.0000	0.9990	0.00000000000000	1	1	1	1	1	1	489942.7	489942.7	489942.7			
sp|Q6PC54|SN25B_DANRE	Q6PC54	SN25B_DANRE	snap25b	203	false	false	Danio rerio	Synaptosomal-associated protein 25-B	2:Experimental evidence at transcript level	6.90	1.0000	0.9990	0.00000000000000	1	0	1	1	0	1	1223799.8	0	1223799.8	4M(15.9949)		
sp|Q6PGV1|VA0D1_DANRE	Q6PGV1	VA0D1_DANRE	atp6v0d1	350	false	false	Danio rerio	V-type proton ATPase subunit d 1	1:Experimental evidence at protein level	3.14	1.0000	0.9990	0.00000000000000	2	2	2	1	1	1	3163497.2	3163497.2	3163497.2			
sp|Q6PH57|GBB1_DANRE	Q6PH57	GBB1_DANRE	gnb1	340	false	false	Danio rerio	Guanine nucleotide-binding protein G(I)/G(S)/G(T) subunit beta-1	2:Experimental evidence at transcript level	12.06	1.0000	0.9990	0.00000000000000	3	0	3	3	0	3	3477188.5	0	3477188.5	7C(57.0215),N-term(42.0106)		
sp|Q6PI20|H33_DANRE	Q6PI20	H33_DANRE	h3f3d	136	false	false	Danio rerio	Histone H3.3	2:Experimental evidence at transcript level	33.09	1.0000	0.9990	0.00000000000000	9	0	0	11	0	0	3.38046925E9	0	0			
sp|Q6PI52|CALM_DANRE	Q6PI52	CALM_DANRE	calm3b	149	false	false	Danio rerio	Calmodulin	2:Experimental evidence at transcript level	20.13	1.0000	0.9990	0.00000000000000	4	4	4	2	2	2	9302676.0	9302676.0	9302676.0	N-term(42.0106),N-term(42.0106)		
sp|Q71PD7|H2AV_DANRE	Q71PD7	H2AV_DANRE	h2az2a	128	false	false	Danio rerio	Histone H2A.V	2:Experimental evidence at transcript level	53.91	1.0000	0.9990	0.00000000000000	6	0	5	7	0	6	2.71385312E8	0	2.05958368E8			tr|Q0Z946|Q0Z946_DANRE
sp|Q7SXP4|SRS1A_DANRE	Q7SXP4	SRS1A_DANRE	srsf1a	257	false	false	Danio rerio	Serine/arginine-rich splicing factor 1A	2:Experimental evidence at transcript level	3.89	1.0000	0.9990	0.00000000000000	1	0	1	1	0	1	0	0	0			
sp|Q7ZTS4|K1C18_DANRE	Q7ZTS4	K1C18_DANRE	krt18	431	false	false	Danio rerio	Keratin, type I cytoskeletal 18	1:Experimental evidence at protein level	1.62	1.0000	0.9990	0.00000000000000	1	0	0	1	0	0	2.80983424E8	0	0			
sp|Q7ZUY3|H2AX_DANRE	Q7ZUY3	H2AX_DANRE	h2ax	142	false	false	Danio rerio	Histone H2AX	2:Experimental evidence at transcript level	54.93	1.0000	0.9990	0.00000000000000	7	0	7	10	0	10	1.97165517E9	0	1.97165517E9			tr|A0A8M2BA83|A0A8M2BA83_DANRE, tr|A0A8M3ATV1|A0A8M3ATV1_DANRE, tr|A0A8N7TAW0|A0A8N7TAW0_DANRE, tr|A4FVM2|A4FVM2_DANRE, tr|E7EXD7|E7EXD7_DANRE, tr|E7F5W3|E7F5W3_DANRE, tr|F1QTL1|F1QTL1_DANRE, tr|Q4FZZ7|Q4FZZ7_DANRE, tr|Q561S9|Q561S9_DANRE, tr|Q5XJK2|Q5XJK2_DANRE
sp|Q7ZVF9|ACTB2_DANRE	Q7ZVF9	ACTB2_DANRE	actbb	375	false	false	Danio rerio	Actin, cytoplasmic 2	1:Experimental evidence at protein level	41.60	1.0000	0.9990	0.00000000000000	11	1	11	13	1	13	3.2800104E7	0	3.2800104E7	10M(15.9949),6M(15.9949),N-term(42.0106),16C(57.0215)		
sp|Q7ZVI7|ACTB1_DANRE	Q7ZVI7	ACTB1_DANRE	actba	375	false	false	Danio rerio	Actin, cytoplasmic 1	1:Experimental evidence at protein level	37.07	1.0000	0.9990	0.00000000000000	10	0	0	12	0	0	3.2800104E7	0	0			
sp|Q8JGR4|RL24_DANRE	Q8JGR4	RL24_DANRE	rpl24	157	false	false	Danio rerio	60S ribosomal protein L24	2:Experimental evidence at transcript level	5.73	1.0000	0.9990	0.00000000000000	1	1	1	1	1	1	0	0	0			
sp|Q90473|HSP7C_DANRE	Q90473	HSP7C_DANRE	hspa8	649	false	false	Danio rerio	Heat shock cognate 71 kDa protein	2:Experimental evidence at transcript level	3.54	1.0000	0.9990	0.00000000000000	2	0	1	2	0	1	2812316.5	0	2151029.2			
sp|Q92005|EF1A_DANRE	Q92005	EF1A_DANRE	eef1a	462	false	false	Danio rerio	Elongation factor 1-alpha	2:Experimental evidence at transcript level	3.25	1.0000	0.9990	0.00000000000000	1	1	1	1	1	1	0	0	0			
sp|Q9NSB2|KRT84_HUMAN	Q9NSB2	KRT84_HUMAN	KRT84	600	false	false	Homo sapiens	Keratin, type II cuticular Hb4	2:Experimental evidence at transcript level	3.50	1.0000	0.9982	0.00000000000000	4	0	0	4	0	0	3.809698E7	0	0			
tr|A0A0R4IBX9|A0A0R4IBX9_DANRE	A0A0R4IBX9	A0A0R4IBX9_DANRE	si:ch73-1a9.3	87	false	false	Danio rerio	Si:ch73-1a9.3	3:Protein inferred from homology	32.18	1.0000	0.9990	0.00000000000000	4	4	4	4	4	4	1.6939004E7	1.6939004E7	1.6939004E7			
tr|A0A0R4IFJ7|A0A0R4IFJ7_DANRE	A0A0R4IFJ7	A0A0R4IFJ7_DANRE	fi14g08	417	false	false	Danio rerio	creatine kinase	1:Experimental evidence at protein level	10.55	1.0000	0.9990	0.00000000000000	3	1	3	2	1	2	910900.2	0	910900.2			
tr|A0A2R8QLH1|A0A2R8QLH1_DANRE	A0A2R8QLH1	A0A2R8QLH1_DANRE	rab41	211	false	false	Danio rerio	RAB41, member RAS oncogene family	4:Protein predicted	5.21	1.0000	0.9980	0.00000000000000	1	0	0	1	0	0	920759.3	0	0			
tr|A0A8M1N5M5|A0A8M1N5M5_DANRE	A0A8M1N5M5	A0A8M1N5M5_DANRE	tubb6	447	false	false	Danio rerio	Tubulin beta chain	1:Experimental evidence at protein level	2.24	1.0000	0.9990	0.00000000000000	3	0	0	1	0	0	7474166.0	0	0			
tr|A0A8M1N7Z8|A0A8M1N7Z8_DANRE	A0A8M1N7Z8	A0A8M1N7Z8_DANRE	tubb2b	472	false	false	Danio rerio	Tubulin beta chain	1:Experimental evidence at protein level	32.42	1.0000	0.9990	0.00000000000000	15	2	15	16	2	16	2.2507456E7	3752023.2	2.2507456E7	23C(57.0215),4C(57.0215),5M(15.9949),8M(15.9949)		
tr|A0A8M1N881|A0A8M1N881_DANRE	A0A8M1N881	A0A8M1N881_DANRE	kpnb1	876	false	false	Danio rerio	importin subunit beta-1	1:Experimental evidence at protein level	1.03	1.0000	0.9990	0.00000000000000	1	1	1	1	1	1	0	0	0	N-term(42.0106)		
tr|A0A8M1NFX8|A0A8M1NFX8_DANRE	A0A8M1NFX8	A0A8M1NFX8_DANRE	krtt1c19e	473	false	false	Danio rerio	keratin type 1 c19e	1:Experimental evidence at protein level	1.90	1.0000	0.9990	0.00000000000000	2	0	0	2	0	0	2.60171536E8	0	0			
tr|A0A8M1NR42|A0A8M1NR42_DANRE	A0A8M1NR42	A0A8M1NR42_DANRE	si:ch211-251b21.1	458	false	false	Danio rerio	Glutamate receptor	1:Experimental evidence at protein level	10.26	1.0000	0.9990	0.00000000000000	3	3	3	3	3	3	1280364.8	1280364.8	1280364.8			
tr|A0A8M1P5N6|A0A8M1P5N6_DANRE	A0A8M1P5N6	A0A8M1P5N6_DANRE	krt4	497	false	false	Danio rerio	keratin 4	1:Experimental evidence at protein level	10.46	1.0000	0.9990	0.00000000000000	7	0	2	9	0	3	1.32522544E8	0	7100512.0			
tr|A0A8M1P8U9|A0A8M1P8U9_DANRE	A0A8M1P8U9	A0A8M1P8U9_DANRE	si:ch211-114n24.6	451	false	false	Danio rerio	Tubulin alpha chain	3:Protein inferred from homology	43.02	1.0000	0.9990	0.00000000000000	13	0	6	15	0	6	6.0993352E7	0	1.9899956E7	15C(57.0215),8C(57.0215),9C(57.0215)		
tr|A0A8M1PA74|A0A8M1PA74_DANRE	A0A8M1PA74	A0A8M1PA74_DANRE	desma	488	false	false	Danio rerio	desmin isoform 2	1:Experimental evidence at protein level	2.25	1.0000	0.9990	0.00000000000000	1	0	1	1	0	1	1823963.9	0	1823963.9	1M(15.9949)		
tr|A0A8M1PUI6|A0A8M1PUI6_DANRE	A0A8M1PUI6	A0A8M1PUI6_DANRE	si:dkey-23a13.9	201	false	false	Danio rerio	histone H1-like	3:Protein inferred from homology	24.88	1.0000	0.9990	0.00000000000000	8	0	1	10	0	2	2.7098816E8	0	2677304.8	N-term(42.0106)		tr|A0A8N7TF89|A0A8N7TF89_DANRE, tr|A0A8N7URG1|A0A8N7URG1_DANRE
tr|A0A8M1RLA4|A0A8M1RLA4_DANRE	A0A8M1RLA4	A0A8M1RLA4_DANRE	si:ch73-36p18.1	204	false	false	Danio rerio	histone H1-like	3:Protein inferred from homology	20.10	1.0000	0.9990	0.00000000000000	8	0	3	9	0	3	2.60925968E8	0	3.3064754E7	N-term(42.0106)		tr|A0A8M1RS22|A0A8M1RS22_DANRE
tr|A0A8M1RSM5|A0A8M1RSM5_DANRE	A0A8M1RSM5	A0A8M1RSM5_DANRE	si:ch73-368j24.12	201	false	false	Danio rerio	histone H1-like	3:Protein inferred from homology	26.37	1.0000	0.9990	0.00000000000000	9	0	8	11	0	11	2.7098816E8	0	2.7098816E8	N-term(42.0106),N-term(42.0106)		tr|A0A8M2BG38|A0A8M2BG38_DANRE
tr|A0A8M2B3J4|A0A8M2B3J4_DANRE	A0A8M2B3J4	A0A8M2B3J4_DANRE	cltcb	1685	false	false	Danio rerio	Clathrin heavy chain	1:Experimental evidence at protein level	0.65	1.0000	0.9990	0.00000000000000	1	0	0	1	0	0	1157456.8	0	0			
tr|A0A8M2BB12|A0A8M2BB12_DANRE	A0A8M2BB12	A0A8M2BB12_DANRE	phb	309	false	false	Danio rerio	Prohibitin	1:Experimental evidence at protein level	14.56	1.0000	0.9990	0.00000000000000	5	5	5	4	4	4	5016944.0	5016944.0	5016944.0			
tr|A0A8M2BB25|A0A8M2BB25_DANRE	A0A8M2BB25	A0A8M2BB25_DANRE	atp6v0a1a	840	false	false	Danio rerio	V-type proton ATPase subunit a	1:Experimental evidence at protein level	1.07	1.0000	0.9990	0.00000000000000	1	0	0	1	0	0	1392138.4	0	0			
tr|A0A8M2BCL1|A0A8M2BCL1_DANRE	A0A8M2BCL1	A0A8M2BCL1_DANRE	gnb2	344	false	false	Danio rerio	guanine nucleotide-binding protein G(I)/G(S)/G(T) subunit beta-2 isoform X1	1:Experimental evidence at protein level	3.20	1.0000	0.9990	0.00000000000000	1	0	0	1	0	0	1300325.5	0	0			
tr|A0A8M2BEA2|A0A8M2BEA2_DANRE	A0A8M2BEA2	A0A8M2BEA2_DANRE	vdac3	319	false	false	Danio rerio	voltage-dependent anion-selective channel protein 3 isoform X1	1:Experimental evidence at protein level	19.75	1.0000	0.9990	0.00000000000000	6	6	6	5	5	5	1.5208176E7	1.5208176E7	1.5208176E7			
tr|A0A8M2BGP7|A0A8M2BGP7_DANRE	A0A8M2BGP7	A0A8M2BGP7_DANRE	hp1bp3	595	false	false	Danio rerio	heterochromatin protein 1-binding protein 3 isoform X1	1:Experimental evidence at protein level	9.92	1.0000	0.9990	0.00000000000000	6	6	6	5	5	5	1.1879048E7	1.1879048E7	1.1879048E7	12C(57.0215),2C(57.0215)		
tr|A0A8M2BI26|A0A8M2BI26_DANRE	A0A8M2BI26	A0A8M2BI26_DANRE	si:dkey-108k21.21	271	false	false	Danio rerio	histone H1-like	1:Experimental evidence at protein level	9.96	1.0000	0.9990	0.00000000000000	7	1	1	8	1	1	2.60925968E8	3018297.8	3018297.8			
tr|A0A8M3ATS9|A0A8M3ATS9_DANRE	A0A8M3ATS9	A0A8M3ATS9_DANRE	ncam1a	1010	false	false	Danio rerio	neural cell adhesion molecule 1 isoform X1	1:Experimental evidence at protein level	4.65	1.0000	0.9990	0.00000000000000	4	4	4	4	4	4	3652559.5	3652559.5	3652559.5	12C(57.0215),4C(57.0215)		
tr|A0A8M3AWS2|A0A8M3AWS2_DANRE	A0A8M3AWS2	A0A8M3AWS2_DANRE	cltca	1685	false	false	Danio rerio	Clathrin heavy chain	1:Experimental evidence at protein level	0.65	1.0000	0.9990	0.00000000000000	1	0	1	1	0	1	1157456.8	0	1157456.8			
tr|A0A8M3AWW3|A0A8M3AWW3_DANRE	A0A8M3AWW3	A0A8M3AWW3_DANRE	kpnb3	1093	false	false	Danio rerio	importin-5 isoform X1	1:Experimental evidence at protein level	0.82	1.0000	0.9990	0.00000000000000	1	1	1	1	1	1	1824183.2	1824183.2	1824183.2			
tr|A0A8M3AYX3|A0A8M3AYX3_DANRE	A0A8M3AYX3	A0A8M3AYX3_DANRE	atp6v0a1b	868	false	false	Danio rerio	V-type proton ATPase subunit a	1:Experimental evidence at protein level	2.30	1.0000	0.9990	0.00000000000000	2	1	2	2	1	2	4392838.0	3000699.5	4392838.0			
tr|A0A8M3AZ76|A0A8M3AZ76_DANRE	A0A8M3AZ76	A0A8M3AZ76_DANRE	fubp1	662	false	false	Danio rerio	far upstream element-binding protein 1 isoform X4	1:Experimental evidence at protein level	1.36	1.0000	0.9990	0.00000000000000	1	0	1	1	0	1	2224551.0	0	2224551.0			
tr|A0A8M3B3U9|A0A8M3B3U9_DANRE	A0A8M3B3U9	A0A8M3B3U9_DANRE	si:ch1073-153i20.4	201	false	false	Danio rerio	histone H1-like	3:Protein inferred from homology	24.88	1.0000	0.9990	0.00000000000000	8	0	0	10	0	0	2.7098816E8	0	0			
tr|A0A8M6YYI1|A0A8M6YYI1_DANRE	A0A8M6YYI1	A0A8M6YYI1_DANRE	si:dkey-261m9.12	199	false	false	Danio rerio	histone H1-like	1:Experimental evidence at protein level	19.60	1.0000	0.9990	0.00000000000000	9	2	4	12	1	6	2.74583264E8	1.1043137E7	6.5454432E7	N-term(42.0106),N-term(42.0106),N-term(42.0106)		
tr|A0A8M6Z1M4|A0A8M6Z1M4_DANRE	A0A8M6Z1M4	A0A8M6Z1M4_DANRE	LOC570405	242	false	false	Danio rerio	histone H3-like	3:Protein inferred from homology	45.45	1.0000	0.9990	0.00000000000000	26	0	26	50	0	50	5.9720489E9	0	5.9720489E9	5M(15.9949),5M(15.9949),5M(15.9949),5M(15.9949),5M(15.9949),6M(15.9949),6M(15.9949),6M(15.9949),6M(15.9949)		
tr|A0A8M6Z2B4|A0A8M6Z2B4_DANRE	A0A8M6Z2B4	A0A8M6Z2B4_DANRE	ckba	385	false	false	Danio rerio	creatine kinase	1:Experimental evidence at protein level	7.79	1.0000	0.9927	0.00027901785714	2	0	0	2	0	0	916123.9	0	0			
tr|A0A8M6Z7Z5|A0A8M6Z7Z5_DANRE	A0A8M6Z7Z5	A0A8M6Z7Z5_DANRE	LOC569982	200	false	false	Danio rerio	histone H1-like	3:Protein inferred from homology	27.00	1.0000	0.9990	0.00000000000000	10	0	10	11	0	11	1.0861068E8	0	1.0861068E8	3M(15.9949),N-term(42.0106),N-term(42.0106),N-term(42.0106)		tr|A4QN90|A4QN90_DANRE
tr|A0A8M9PJW6|A0A8M9PJW6_DANRE	A0A8M9PJW6	A0A8M9PJW6_DANRE	wu:fd14a01	1936	false	false	Danio rerio	myosin heavy chain, fast skeletal muscle	1:Experimental evidence at protein level	1.50	1.0000	0.9990	0.00000000000000	2	0	0	2	0	0	939019.94	0	0			
tr|A0A8M9PTL3|A0A8M9PTL3_DANRE	A0A8M9PTL3	A0A8M9PTL3_DANRE	si:ch211-243g18.2	458	false	false	Danio rerio	uncharacterized protein LOC559906 isoform X1	1:Experimental evidence at protein level	1.53	1.0000	0.9990	0.00000000000000	1	0	0	1	0	0	2.80983424E8	0	0			
tr|A0A8M9Q103|A0A8M9Q103_DANRE	A0A8M9Q103	A0A8M9Q103_DANRE	si:ch211-59d13.2	1135	false	false	Danio rerio	solute carrier family 12 member 5 isoform X1	1:Experimental evidence at protein level	0.97	1.0000	0.9990	0.00000000000000	1	0	1	1	0	1	1188773.5	0	1188773.5			
tr|A0A8M9Q636|A0A8M9Q636_DANRE	A0A8M9Q636	A0A8M9Q636_DANRE	tuba7l	468	false	false	Danio rerio	Tubulin alpha chain	1:Experimental evidence at protein level	22.65	1.0000	0.9990	0.00000000000000	8	0	0	9	0	0	2.1362038E7	0	0			
tr|A0A8M9QAE9|A0A8M9QAE9_DANRE	A0A8M9QAE9	A0A8M9QAE9_DANRE	syne2b	9853	false	false	Danio rerio	nesprin-2 isoform X1	3:Protein inferred from homology	0.09	1.0000	0.9893	0.00027901785714	1	1	1	1	1	1	0	0	0			
tr|A0A8M9QCY6|A0A8M9QCY6_DANRE	A0A8M9QCY6	A0A8M9QCY6_DANRE	hnrnpa1a	445	false	false	Danio rerio	heterogeneous nuclear ribonucleoprotein A1 isoform X1	1:Experimental evidence at protein level	3.82	1.0000	0.9990	0.00000000000000	2	2	2	2	2	2	3298029.5	3298029.5	3298029.5			
tr|A0A8M9QEC8|A0A8M9QEC8_DANRE	A0A8M9QEC8	A0A8M9QEC8_DANRE	myhc3	1937	false	false	Danio rerio	Myosin, heavy polypeptide 1.2, skeletal muscle	3:Protein inferred from homology	1.50	1.0000	0.9990	0.00000000000000	2	0	0	2	0	0	939019.94	0	0			
tr|A0A8N7TBR8|A0A8N7TBR8_DANRE	A0A8N7TBR8	A0A8N7TBR8_DANRE	si:dkey-222f2.1	438	false	false	Danio rerio	keratin, type II cytoskeletal 8 isoform X1	1:Experimental evidence at protein level	5.94	1.0000	0.9989	0.00000000000000	3	0	0	3	0	0	8.4227512E7	0	0			
tr|A2AWE1|A2AWE1_DANRE	A2AWE1	A2AWE1_DANRE	hm:zehl0637	199	false	false	Danio rerio	Peroxiredoxin-1	1:Experimental evidence at protein level	29.65	1.0000	0.9990	0.00000000000000	5	1	3	6	1	3	1.1147622E7	659571.8	6392647.5			
tr|A2BGX6|A2BGX6_DANRE	A2BGX6	A2BGX6_DANRE	myhc4	1935	false	false	Danio rerio	Myosin heavy chain 4	1:Experimental evidence at protein level	1.50	1.0000	0.9973	0.00000000000000	2	0	0	2	0	0	939019.94	0	0			
tr|A2BHA3|A2BHA3_DANRE	A2BHA3	A2BHA3_DANRE	CK-M	381	false	false	Danio rerio	creatine kinase	1:Experimental evidence at protein level	3.41	1.0000	0.9990	0.00000000000000	1	0	0	1	0	0	0	0	0			
tr|A3KPI6|A3KPI6_DANRE	A3KPI6	A3KPI6_DANRE	si:ch211-288g17.3	378	false	false	Danio rerio	Si:ch211-288g17.3	4:Protein predicted	3.17	1.0000	0.9990	0.00000000000000	1	1	1	1	1	1	5228433.0	5228433.0	5228433.0			
tr|A5PMV7|A5PMV7_DANRE	A5PMV7	A5PMV7_DANRE	ppp2r1ba	589	false	false	Danio rerio	Protein phosphatase 2, regulatory subunit A, beta a	4:Protein predicted	2.04	1.0000	0.9990	0.00000000000000	1	0	1	1	0	1	0	0	0			
tr|A8E5J9|A8E5J9_DANRE	A8E5J9	A8E5J9_DANRE	ckmt2	413	false	false	Danio rerio	creatine kinase	1:Experimental evidence at protein level	5.08	1.0000	0.9990	0.00000000000000	2	0	0	1	0	0	910900.2	0	0			
tr|A8E5L0|A8E5L0_DANRE	A8E5L0	A8E5L0_DANRE	zgc:64204	380	false	false	Danio rerio	creatine kinase	1:Experimental evidence at protein level	3.42	1.0000	0.9990	0.00000000000000	1	0	0	1	0	0	0	0	0			
tr|A8KB78|A8KB78_DANRE	A8KB78	A8KB78_DANRE	rps23	143	false	false	Danio rerio	40S ribosomal protein S23	1:Experimental evidence at protein level	18.88	1.0000	0.9990	0.00000000000000	1	1	1	1	1	1	0	0	0	10C(57.0215)		
tr|A8KBJ5|A8KBJ5_DANRE	A8KBJ5	A8KBJ5_DANRE	si:ch211-113a14.27	136	false	false	Danio rerio	Histone H3	1:Experimental evidence at protein level	56.62	1.0000	0.9990	0.00000000000000	10	1	1	12	1	1	3.38046925E9	0	0	27C(57.0215)		
tr|A8WGC6|A8WGC6_DANRE	A8WGC6	A8WGC6_DANRE	atp5b	517	false	false	Danio rerio	ATP synthase subunit beta	1:Experimental evidence at protein level	27.27	1.0000	0.9990	0.00000000000000	11	11	11	11	11	11	8303368.5	8303368.5	8303368.5	2M(15.9949)		
tr|B0JYH6|B0JYH6_DANRE	B0JYH6	B0JYH6_DANRE	pvrl1b	541	false	false	Danio rerio	Nectin 1b	1:Experimental evidence at protein level	2.03	1.0000	0.9990	0.00000000000000	1	1	1	1	1	1	1078077.5	1078077.5	1078077.5			
tr|B0S730|B0S730_DANRE	B0S730	B0S730_DANRE	wu:fj78b08	298	false	false	Danio rerio	ADP/ATP translocase	1:Experimental evidence at protein level	4.03	1.0000	0.9990	0.00000000000000	1	0	0	1	0	0	1908454.0	0	0			
tr|B3DFN3|B3DFN3_DANRE	B3DFN3	B3DFN3_DANRE	fc15d06	583	false	false	Danio rerio	Lamin-B2	1:Experimental evidence at protein level	19.21	1.0000	0.9990	0.00000000000000	7	7	7	7	7	7	8939748.0	8939748.0	8939748.0			
tr|B8A516|B8A516_DANRE	B8A516	B8A516_DANRE	fb22g06	449	false	false	Danio rerio	Tubulin alpha chain	1:Experimental evidence at protein level	40.09	1.0000	0.9990	0.00000000000000	13	0	1	16	0	1	8.0833184E7	0	9679202.0			
tr|B8A568|B8A568_DANRE	B8A568	B8A568_DANRE	myhz1.1	1937	false	false	Danio rerio	Myosin, heavy polypeptide 1.1, skeletal muscle	1:Experimental evidence at protein level	1.50	1.0000	0.9990	0.00000000000000	2	0	0	2	0	0	939019.94	0	0			
tr|B8A569|B8A569_DANRE	B8A569	B8A569_DANRE	ns:zf-e68	1937	false	false	Danio rerio	Myosin, heavy polypeptide 1.3, skeletal muscle	1:Experimental evidence at protein level	1.50	1.0000	0.9990	0.00000000000000	2	0	0	2	0	0	939019.94	0	0			
tr|E7FCD8|E7FCD8_DANRE	E7FCD8	E7FCD8_DANRE	atp6v1ab	617	false	false	Danio rerio	H(+)-transporting two-sector ATPase	1:Experimental evidence at protein level	2.76	1.0000	0.9990	0.00000000000000	1	0	0	1	0	0	522921.1	0	0			
tr|F1QGP8|F1QGP8_DANRE	F1QGP8	F1QGP8_DANRE	hmgb3a	213	false	false	Danio rerio	High mobility group box 3a	4:Protein predicted	6.10	1.0000	0.9990	0.00000000000000	1	1	1	1	1	1	696996.75	696996.75	696996.75			
tr|F1QHC4|F1QHC4_DANRE	F1QHC4	F1QHC4_DANRE	lmnb1	588	false	false	Danio rerio	Lamin B1	1:Experimental evidence at protein level	5.61	1.0000	0.9990	0.00000000000000	3	3	3	3	3	3	2649255.8	2649255.8	2649255.8			
tr|F1QV31|F1QV31_DANRE	F1QV31	F1QV31_DANRE	ckii	566	false	false	Danio rerio	keratin 5	1:Experimental evidence at protein level	9.19	1.0000	0.9990	0.00000000000000	7	0	0	9	0	0	1.32522544E8	0	0			
tr|F1QVX3|F1QVX3_DANRE	F1QVX3	F1QVX3_DANRE	myhb	1937	false	false	Danio rerio	Myosin, heavy chain b	1:Experimental evidence at protein level	1.50	1.0000	0.9990	0.00000000000000	2	0	2	2	0	2	939019.94	0	939019.94			
tr|F1R6C7|F1R6C7_DANRE	F1R6C7	F1R6C7_DANRE	myha	1933	false	false	Danio rerio	Myosin, heavy chain a	3:Protein inferred from homology	1.50	1.0000	0.9982	0.00000000000000	2	0	0	2	0	0	939019.94	0	0			
tr|F1R9V3|F1R9V3_DANRE	F1R9V3	F1R9V3_DANRE	hspa8b	647	false	false	Danio rerio	Heat shock protein family A (Hsp70) member 8b	3:Protein inferred from homology	3.55	1.0000	0.9990	0.00000000000000	2	0	0	2	0	0	2812316.5	0	0			
tr|F1RCB6|F1RCB6_DANRE	F1RCB6	F1RCB6_DANRE	actc1a	377	false	false	Danio rerio	Actin alpha cardiac muscle 1a	1:Experimental evidence at protein level	25.46	1.0000	0.9990	0.00000000000000	8	0	2	6	0	1	2.6930088E7	0	5142271.0			
tr|M1EVR1|M1EVR1_DANRE	M1EVR1	M1EVR1_DANRE	SLC12A5	1117	false	false	Danio rerio	Potassium/chloride cotransporter kcc2	2:Experimental evidence at transcript level	0.98	1.0000	0.9990	0.00000000000000	1	0	0	1	0	0	1188773.5	0	0			
tr|Q05AL9|Q05AL9_DANRE	Q05AL9	Q05AL9_DANRE	wu:fa91c11	431	false	false	Danio rerio	Zgc:153629	1:Experimental evidence at protein level	6.26	1.0000	0.9990	0.00000000000000	4	0	1	5	0	2	5.4115494E8	0	1.178814E7			
tr|Q08BA1|Q08BA1_DANRE	Q08BA1	Q08BA1_DANRE	atp5a1	551	false	false	Danio rerio	ATP synthase subunit alpha	1:Experimental evidence at protein level	7.44	1.0000	0.9990	0.00000000000000	3	3	3	3	3	3	1846791.8	1846791.8	1846791.8			
tr|Q1LXJ1|Q1LXJ1_DANRE	Q1LXJ1	Q1LXJ1_DANRE	si:dkeyp-113d7.7	423	false	false	Danio rerio	Si:dkeyp-113d7.7	1:Experimental evidence at protein level	2.60	1.0000	0.9990	0.00000000000000	1	1	1	1	1	1	0	0	0			
tr|Q1LXJ7|Q1LXJ7_DANRE	Q1LXJ7	Q1LXJ7_DANRE	cyt1l	429	false	false	Danio rerio	type I cytokeratin, enveloping layer, like	1:Experimental evidence at protein level	1.63	1.0000	0.9990	0.00000000000000	1	0	0	1	0	0	2.80983424E8	0	0			
tr|Q32PT3|Q32PT3_DANRE	Q32PT3	Q32PT3_DANRE	zgc:123215	213	false	false	Danio rerio	Zgc:123215	1:Experimental evidence at protein level	27.23	1.0000	0.9990	0.00000000000000	7	7	7	8	8	8	2.5463794E7	2.5463794E7	2.5463794E7	10C(57.0215),11C(57.0215)		
tr|Q3B732|Q3B732_DANRE	Q3B732	Q3B732_DANRE	zgc:123210	76	false	false	Danio rerio	High mobility group nucleosomal-binding domain 2	1:Experimental evidence at protein level	21.05	1.0000	0.9990	0.00000000000000	2	2	2	3	3	3	1.4197294E7	1.4197294E7	1.4197294E7			
tr|Q4KMI7|Q4KMI7_DANRE	Q4KMI7	Q4KMI7_DANRE	actc	377	false	false	Danio rerio	Actin, alpha 1b, skeletal muscle	1:Experimental evidence at protein level	20.69	1.0000	0.9990	0.00000000000000	7	0	0	5	0	0	1.89215E7	0	0			
tr|Q4KMK4|Q4KMK4_DANRE	Q4KMK4	Q4KMK4_DANRE	wu:fj35g11	1023	false	false	Danio rerio	Sodium/potassium-transporting ATPase subunit alpha	1:Experimental evidence at protein level	5.38	1.0000	0.9990	0.00000000000000	4	0	0	4	0	0	6200111.0	0	0			
tr|Q4V914|Q4V914_DANRE	Q4V914	Q4V914_DANRE	zgc:114051	367	false	false	Danio rerio	Core histone macro-H2A	1:Experimental evidence at protein level	17.44	1.0000	0.9990	0.00000000000000	6	4	6	6	4	6	3.5407516E7	2.6562618E7	3.5407516E7			
tr|Q4VBI6|Q4VBI6_DANRE	Q4VBI6	Q4VBI6_DANRE	tubb2a	449	false	false	Danio rerio	Tubulin beta chain	1:Experimental evidence at protein level	21.60	1.0000	0.9990	0.00000000000000	11	0	0	11	0	0	2.2507456E7	0	0			
tr|Q4VBU7|Q4VBU7_DANRE	Q4VBU7	Q4VBU7_DANRE	zgc:114165	141	false	false	Danio rerio	Cytochrome c oxidase subunit 5A, mitochondrial	1:Experimental evidence at protein level	7.09	1.0000	0.9990	0.00000000000000	1	1	1	1	1	1	1585042.8	1585042.8	1585042.8			
tr|Q502Q7|Q502Q7_DANRE	Q502Q7	Q502Q7_DANRE	plasticin	442	false	false	Danio rerio	Peripherin	2:Experimental evidence at transcript level	2.49	1.0000	0.9980	0.00000000000000	1	0	0	1	0	0	0	0	0			
tr|Q503J3|Q503J3_DANRE	Q503J3	Q503J3_DANRE	zgc:110551	360	false	false	Danio rerio	Zgc:110551	1:Experimental evidence at protein level	4.17	1.0000	0.9990	0.00000000000000	1	1	1	1	1	1	0	0	0			
tr|Q503M9|Q503M9_DANRE	Q503M9	Q503M9_DANRE	zgc:110425	195	false	false	Danio rerio	Zgc:110425	1:Experimental evidence at protein level	13.85	1.0000	0.9989	0.00000000000000	5	1	1	7	1	1	2.55453072E8	1.9910582E7	1.9910582E7			
tr|Q567E8|Q567E8_DANRE	Q567E8	Q567E8_DANRE	zgc:112098	377	false	false	Danio rerio	Acta1a protein	2:Experimental evidence at transcript level	20.69	1.0000	0.9990	0.00000000000000	7	0	0	5	0	0	1.89215E7	0	0			
tr|Q567N5|Q567N5_DANRE	Q567N5	Q567N5_DANRE	wu:fa93h05	265	false	false	Danio rerio	60S ribosomal protein L6	1:Experimental evidence at protein level	4.15	1.0000	0.9990	0.00000000000000	1	1	1	1	1	1	1318547.9	1318547.9	1318547.9			
tr|Q568D0|Q568D0_DANRE	Q568D0	Q568D0_DANRE	histh1l	201	false	false	Danio rerio	Zgc:110380	1:Experimental evidence at protein level	25.87	1.0000	0.9990	0.00000000000000	10	9	9	12	12	12	1.096736E8	1.096736E8	1.096736E8	N-term(42.0106),N-term(42.0106)		
tr|Q568U3|Q568U3_DANRE	Q568U3	Q568U3_DANRE	si:dkeyp-113d7.5	430	false	false	Danio rerio	Zgc:109868	1:Experimental evidence at protein level	1.63	1.0000	0.9990	0.00000000000000	1	0	0	1	0	0	2.80983424E8	0	0			
tr|Q5BJA2|Q5BJA2_DANRE	Q5BJA2	Q5BJA2_DANRE	zgc:114172	116	false	false	Danio rerio	NADH dehydrogenase [ubiquinone] 1 alpha subcomplex subunit 5	1:Experimental evidence at protein level	12.93	1.0000	0.9990	0.00000000000000	1	1	1	1	1	1	799173.4	799173.4	799173.4			
tr|Q5RG12|Q5RG12_DANRE	Q5RG12	Q5RG12_DANRE	hsp90a2	734	false	false	Danio rerio	Heat shock protein 90-alpha 2	1:Experimental evidence at protein level	1.91	1.0000	0.9990	0.00000000000000	1	0	0	1	0	0	4419750.0	0	0			
tr|Q5RGB5|Q5RGB5_DANRE	Q5RGB5	Q5RGB5_DANRE	rab3a	220	false	false	Danio rerio	Ras-related protein Rab-3	1:Experimental evidence at protein level	5.00	1.0000	0.9990	0.00000000000000	2	0	2	1	0	1	1944030.4	0	1944030.4			
tr|Q5RKM2|Q5RKM2_DANRE	Q5RKM2	Q5RKM2_DANRE	wu:fb33h05	731	false	false	Danio rerio	NADH-ubiquinone oxidoreductase 75 kDa subunit, mitochondrial	1:Experimental evidence at protein level	1.37	1.0000	0.9990	0.00000000000000	1	1	1	1	1	1	866434.3	866434.3	866434.3			
tr|Q5RKQ3|Q5RKQ3_DANRE	Q5RKQ3	Q5RKQ3_DANRE	zgc:101598	572	false	false	Danio rerio	Zgc:101598	1:Experimental evidence at protein level	1.57	1.0000	0.9990	0.00000000000000	1	0	0	1	0	0	2224551.0	0	0			
tr|Q5U3E1|Q5U3E1_DANRE	Q5U3E1	Q5U3E1_DANRE	zgc:103679	215	false	false	Danio rerio	Novel protein similar to vertebrate Ras family	1:Experimental evidence at protein level	5.12	1.0000	0.9990	0.00000000000000	1	0	1	1	0	1	0	0	0			
tr|Q642H5|Q642H5_DANRE	Q642H5	Q642H5_DANRE	ppp2r1b	589	false	false	Danio rerio	Protein phosphatase 2 (Formerly 2A), regulatory subunit A, beta isoform	1:Experimental evidence at protein level	2.04	1.0000	0.9990	0.00000000000000	1	0	0	1	0	0	0	0	0			
tr|Q66IB6|Q66IB6_DANRE	Q66IB6	Q66IB6_DANRE	hmgb2	214	false	false	Danio rerio	High mobility group box 2B	1:Experimental evidence at protein level	12.62	1.0000	0.9990	0.00000000000000	5	5	5	3	3	3	7033517.0	7033517.0	7033517.0	11C(57.0215)		
tr|Q6DC49|Q6DC49_DANRE	Q6DC49	Q6DC49_DANRE	tuba8l3a	450	false	false	Danio rerio	Tubulin alpha chain	2:Experimental evidence at transcript level	34.44	1.0000	0.9990	0.00000000000000	11	0	1	12	0	2	3.7762804E7	0	400289.12	3C(57.0215),3C(57.0215)		
tr|Q6DGJ6|Q6DGJ6_DANRE	Q6DGJ6	Q6DGJ6_DANRE	prdx1	197	false	false	Danio rerio	Peroxiredoxin-1	1:Experimental evidence at protein level	18.78	1.0000	0.9990	0.00000000000000	3	1	3	4	1	4	6102976.0	0	6102976.0			
tr|Q6DGV5|Q6DGV5_DANRE	Q6DGV5	Q6DGV5_DANRE	zgc:92757	201	false	false	Danio rerio	RAB10, member RAS oncogene family	1:Experimental evidence at protein level	5.47	1.0000	0.9989	0.00000000000000	1	0	0	1	0	0	920759.3	0	0			
tr|Q6DH07|Q6DH07_DANRE	Q6DH07	Q6DH07_DANRE	arr3l	357	false	false	Danio rerio	Arrestin 3, retinal (X-arrestin), like	1:Experimental evidence at protein level	7.56	1.0000	0.9990	0.00000000000000	2	2	2	2	2	2	907881.3	907881.3	907881.3			
tr|Q6DHB6|Q6DHB6_DANRE	Q6DHB6	Q6DHB6_DANRE	wu:fa97a07	466	false	false	Danio rerio	Zgc:92533	1:Experimental evidence at protein level	1.50	1.0000	0.9990	0.00000000000000	1	0	0	1	0	0	2.80983424E8	0	0			
tr|Q6DHI9|Q6DHI9_DANRE	Q6DHI9	Q6DHI9_DANRE	psmb2	199	false	false	Danio rerio	Proteasome subunit beta	1:Experimental evidence at protein level	5.53	1.0000	0.9989	0.00000000000000	1	1	1	1	1	1	693544.4	693544.4	693544.4			
tr|Q6DHJ0|Q6DHJ0_DANRE	Q6DHJ0	Q6DHJ0_DANRE	sfrs5b	285	false	false	Danio rerio	Serine and arginine-rich-splicing factor 5b	1:Experimental evidence at protein level	3.16	1.0000	0.9990	0.00000000000000	1	0	0	1	0	0	2598189.0	0	0			
tr|Q6DHJ2|Q6DHJ2_DANRE	Q6DHJ2	Q6DHJ2_DANRE	rab3a	220	false	false	Danio rerio	Ras-related protein Rab-3	1:Experimental evidence at protein level	5.00	1.0000	0.9986	0.00000000000000	2	0	0	1	0	0	1944030.4	0	0			
tr|Q6DRN7|Q6DRN7_DANRE	Q6DRN7	Q6DRN7_DANRE	zgc:111817	139	false	false	Danio rerio	60S ribosomal protein L14	1:Experimental evidence at protein level	8.63	1.0000	0.9990	0.00000000000000	1	1	1	1	1	1	5704787.0	5704787.0	5704787.0			
tr|Q6IQL9|Q6IQL9_DANRE	Q6IQL9	Q6IQL9_DANRE	actc2	377	false	false	Danio rerio	Novel actin protein	2:Experimental evidence at transcript level	20.69	1.0000	0.9990	0.00000000000000	7	0	0	5	0	0	1.89215E7	0	0			
tr|Q6IQX1|Q6IQX1_DANRE	Q6IQX1	Q6IQX1_DANRE	sb:cb38	1935	false	false	Danio rerio	Myosin, heavy polypeptide 2, fast muscle-specific	1:Experimental evidence at protein level	1.50	1.0000	0.9990	0.00000000000000	2	0	0	2	0	0	939019.94	0	0			
tr|Q6NW90|Q6NW90_DANRE	Q6NW90	Q6NW90_DANRE	Tubb5	444	false	false	Danio rerio	Tubulin beta chain	1:Experimental evidence at protein level	31.08	1.0000	0.9990	0.00000000000000	14	1	5	15	2	5	3.1398876E7	963621.2	1.5728655E7	1M(15.9949),1M(15.9949),23C(57.0215)		
tr|Q6NWC1|Q6NWC1_DANRE	Q6NWC1	Q6NWC1_DANRE	VDAC1	283	false	false	Danio rerio	Vdac1 protein	1:Experimental evidence at protein level	42.40	1.0000	0.9990	0.00000000000000	11	11	11	9	9	9	2.0004216E7	2.0004216E7	2.0004216E7	N-term(42.0106)		
tr|Q6NWI0|Q6NWI0_DANRE	Q6NWI0	Q6NWI0_DANRE	tuba8l	449	false	false	Danio rerio	Tubulin alpha chain	1:Experimental evidence at protein level	20.94	1.0000	0.9990	0.00000000000000	6	0	0	6	0	0	9991304.0	0	0			
tr|Q6NX10|Q6NX10_DANRE	Q6NX10	Q6NX10_DANRE	fa22e07	298	false	false	Danio rerio	ADP/ATP translocase	1:Experimental evidence at protein level	7.05	1.0000	0.9989	0.00000000000000	2	0	0	2	0	0	3449840.2	0	0			
tr|Q6NX86|Q6NX86_DANRE	Q6NX86	Q6NX86_DANRE	HMGB1	205	false	false	Danio rerio	High mobility group box 1a	1:Experimental evidence at protein level	21.46	1.0000	0.9990	0.00000000000000	4	3	4	5	4	5	1.2992906E7	1.2992906E7	1.2992906E7	10C(57.0215),10C(57.0215),11C(57.0215),1M(15.9949)		
tr|Q6NYV3|Q6NYV3_DANRE	Q6NYV3	Q6NYV3_DANRE	zgc:65861	199	false	false	Danio rerio	H1.0 linker histone	1:Experimental evidence at protein level	11.06	1.0000	0.9990	0.00000000000000	3	3	3	2	2	2	6954977.5	6954977.5	6954977.5	N-term(42.0106)		
tr|Q6P0T0|Q6P0T0_DANRE	Q6P0T0	Q6P0T0_DANRE	ndufs8	210	false	false	Danio rerio	NADH dehydrogenase [ubiquinone] iron-sulfur protein 8, mitochondrial	1:Experimental evidence at protein level	5.71	1.0000	0.9990	0.00000000000000	1	1	1	1	1	1	273220.5	273220.5	273220.5			
tr|Q6P271|Q6P271_DANRE	Q6P271	Q6P271_DANRE	atp1a3b	1023	false	false	Danio rerio	Sodium/potassium-transporting ATPase subunit alpha	1:Experimental evidence at protein level	6.26	1.0000	0.9990	0.00000000000000	5	1	5	5	1	5	6362710.0	931426.25	6362710.0	5C(57.0215),7C(57.0215),9C(57.0215)		
tr|Q6P3J5|Q6P3J5_DANRE	Q6P3J5	Q6P3J5_DANRE	EEF2	858	false	false	Danio rerio	Eukaryotic Translation Elongation factor 2B	1:Experimental evidence at protein level	2.10	1.0000	0.9990	0.00000000000000	3	1	3	1	1	1	836359.25	0	836359.25	11C(57.0215),16C(57.0215)		
tr|Q6P5M5|Q6P5M5_DANRE	Q6P5M5	Q6P5M5_DANRE	DKEY-238C7.11	180	false	false	Danio rerio	ADP-ribosylation factor	2:Experimental evidence at transcript level	5.56	1.0000	0.9990	0.00000000000000	1	0	1	1	0	1	835288.0	0	835288.0			tr|Q7ZUW4|Q7ZUW4_DANRE
tr|Q6P5M9|Q6P5M9_DANRE	Q6P5M9	Q6P5M9_DANRE	tubb2c	445	false	false	Danio rerio	Tubulin beta chain	1:Experimental evidence at protein level	34.38	1.0000	0.9990	0.00000000000000	15	0	1	16	0	1	3.1398876E7	0	1311036.5			
tr|Q6P972|Q6P972_DANRE	Q6P972	Q6P972_DANRE	zgc:73108	451	false	false	Danio rerio	Tubulin alpha chain	1:Experimental evidence at protein level	25.94	1.0000	0.9990	0.00000000000000	8	0	7	11	0	9	8.0833184E7	0	8.0833184E7	8C(57.0215)		
tr|Q6PBB2|Q6PBB2_DANRE	Q6PBB2	Q6PBB2_DANRE	p110a	688	false	false	Danio rerio	RNA helicase	2:Experimental evidence at transcript level	1.45	1.0000	0.9990	0.00000000000000	1	0	1	1	0	1	2239204.8	0	2239204.8			
tr|Q6PBR5|Q6PBR5_DANRE	Q6PBR5	Q6PBR5_DANRE	wu:fa12a02	118	false	false	Danio rerio	V-type proton ATPase subunit G	1:Experimental evidence at protein level	22.88	1.0000	0.9990	0.00000000000000	2	2	2	2	2	2	2289188.5	2289188.5	2289188.5	N-term(42.0106),N-term(42.0106)		
tr|Q6PBW6|Q6PBW6_DANRE	Q6PBW6	Q6PBW6_DANRE	wu:fc58a11	535	false	false	Danio rerio	T-complex protein 1 subunit beta	1:Experimental evidence at protein level	4.11	1.0000	0.9990	0.00000000000000	1	1	1	1	1	1	1536773.0	1536773.0	1536773.0			
tr|Q6PC13|Q6PC13_DANRE	Q6PC13	Q6PC13_DANRE	phb2	302	false	false	Danio rerio	Prohibitin	1:Experimental evidence at protein level	7.28	1.0000	0.9990	0.00000000000000	2	2	2	2	2	2	554433.8	554433.8	554433.8			
tr|Q6PC53|Q6PC53_DANRE	Q6PC53	Q6PC53_DANRE	ppial	164	false	false	Danio rerio	Peptidyl-prolyl cis-trans isomerase	1:Experimental evidence at protein level	7.93	1.0000	0.9990	0.00000000000000	2	2	2	1	1	1	2232920.0	2232920.0	2232920.0			
tr|Q6PC77|Q6PC77_DANRE	Q6PC77	Q6PC77_DANRE	atp5h	161	false	false	Danio rerio	ATP synthase subunit d, mitochondrial	1:Experimental evidence at protein level	6.21	1.0000	0.9990	0.00000000000000	1	1	1	1	1	1	378358.53	378358.53	378358.53			
tr|Q6PC95|Q6PC95_DANRE	Q6PC95	Q6PC95_DANRE	zgc:73046	449	false	false	Danio rerio	Tubulin alpha chain	1:Experimental evidence at protein level	22.94	1.0000	0.9989	0.00000000000000	6	0	0	8	0	0	3.8479908E7	0	0			
tr|Q6PE34|Q6PE34_DANRE	Q6PE34	Q6PE34_DANRE	fj33a08	444	false	false	Danio rerio	Tubulin beta chain	1:Experimental evidence at protein level	20.27	1.0000	0.9990	0.00000000000000	10	0	0	10	0	0	3.1398876E7	0	0			
tr|Q6PGX4|Q6PGX4_DANRE	Q6PGX4	Q6PGX4_DANRE	zgc:63663	647	false	false	Danio rerio	Heat shock cognate 70	1:Experimental evidence at protein level	3.55	1.0000	0.9990	0.00000000000000	2	0	0	2	0	0	2812316.5	0	0			
tr|Q6PH06|Q6PH06_DANRE	Q6PH06	Q6PH06_DANRE	wu:fa55g05	305	false	false	Danio rerio	V-crk avian sarcoma virus CT10 oncogene homolog-like	1:Experimental evidence at protein level	3.93	1.0000	0.9989	0.00000000000000	1	1	1	1	1	1	0	0	0			
tr|Q6PH46|Q6PH46_DANRE	Q6PH46	Q6PH46_DANRE	zgc:77192	533	false	false	Danio rerio	T-complex protein 1 subunit delta	1:Experimental evidence at protein level	3.00	1.0000	0.9990	0.00000000000000	1	1	1	1	1	1	2572128.2	2572128.2	2572128.2			
tr|Q6TGS5|Q6TGS5_DANRE	Q6TGS5	Q6TGS5_DANRE	zgc:76934	449	false	false	Danio rerio	Tubulin alpha chain	1:Experimental evidence at protein level	17.82	1.0000	0.9990	0.00000000000000	5	0	1	5	0	1	5815982.0	0	3827165.5			
tr|Q6TGT9|Q6TGT9_DANRE	Q6TGT9	Q6TGT9_DANRE	SFRS5	259	false	false	Danio rerio	Splicing factor, arginine/serine-rich 5	1:Experimental evidence at protein level	3.47	1.0000	0.9990	0.00000000000000	2	1	2	1	0	1	3165935.0	567746.0	3165935.0			
tr|Q6TGU0|Q6TGU0_DANRE	Q6TGU0	Q6TGU0_DANRE	SET	275	false	false	Danio rerio	Myeloid leukemia-associated SET translocation protein	1:Experimental evidence at protein level	20.36	1.0000	0.9990	0.00000000000000	3	1	3	3	1	3	1.3030855E7	405973.8	1.3030855E7			
tr|Q7SXA3|Q7SXA3_DANRE	Q7SXA3	Q7SXA3_DANRE	zgc:66168	156	false	false	Danio rerio	Ubiquitin-40S ribosomal protein S27a	1:Experimental evidence at protein level	30.13	1.0000	0.9990	0.00000000000000	4	0	4	5	0	5	1.92356976E8	0	1.92356976E8			
tr|Q7SY46|Q7SY46_DANRE	Q7SY46	Q7SY46_DANRE	zgc:63516	617	false	false	Danio rerio	H(+)-transporting two-sector ATPase	1:Experimental evidence at protein level	4.38	1.0000	0.9990	0.00000000000000	3	2	3	2	1	2	1474278.1	951357.06	1474278.1			
tr|Q7SZD3|Q7SZD3_DANRE	Q7SZD3	Q7SZD3_DANRE	fi36d04	650	false	false	Danio rerio	78 kDa glucose-regulated protein	1:Experimental evidence at protein level	1.69	1.0000	0.9990	0.00000000000000	1	0	1	1	0	1	661287.4	0	661287.4			
tr|Q7SZP4|Q7SZP4_DANRE	Q7SZP4	Q7SZP4_DANRE	cb126	562	false	false	Danio rerio	Zgc:65851	1:Experimental evidence at protein level	1.60	1.0000	0.9990	0.00000000000000	2	0	0	1	0	0	2.3078928E7	0	0			
tr|Q7T1J9|Q7T1J9_DANRE	Q7T1J9	Q7T1J9_DANRE	zgc:65936	166	false	false	Danio rerio	40S ribosomal protein S10	1:Experimental evidence at protein level	5.42	1.0000	0.9990	0.00000000000000	1	1	1	1	1	1	0	0	0			
tr|Q7T334|Q7T334_DANRE	Q7T334	Q7T334_DANRE	zgc:64133	337	false	false	Danio rerio	Malate dehydrogenase	1:Experimental evidence at protein level	8.90	1.0000	0.9990	0.00000000000000	2	2	2	2	2	2	1472009.8	1472009.8	1472009.8			
tr|Q7ZU67|Q7ZU67_DANRE	Q7ZU67	Q7ZU67_DANRE	fb54c08	406	false	false	Danio rerio	ATP-dependent RNA helicase	1:Experimental evidence at protein level	2.46	1.0000	0.9989	0.00000000000000	1	0	0	1	0	0	3064504.5	0	0			
tr|Q7ZUP6|Q7ZUP6_DANRE	Q7ZUP6	Q7ZUP6_DANRE	zgc:55485	449	false	false	Danio rerio	Isocitrate dehydrogenase [NADP]	1:Experimental evidence at protein level	6.46	1.0000	0.9990	0.00000000000000	4	4	4	3	3	3	5331447.5	5331447.5	5331447.5			
tr|Q7ZUV5|Q7ZUV5_DANRE	Q7ZUV5	Q7ZUV5_DANRE	zgc:56049	201	false	false	Danio rerio	ZRAB1B, member RAS oncogene family a	1:Experimental evidence at protein level	5.47	1.0000	0.9990	0.00000000000000	1	0	0	1	0	0	920759.3	0	0			
tr|Q7ZUY0|Q7ZUY0_DANRE	Q7ZUY0	Q7ZUY0_DANRE	seta	269	false	false	Danio rerio	SET nuclear proto-oncogene a	1:Experimental evidence at protein level	15.61	1.0000	0.9990	0.00000000000000	2	0	0	2	0	0	1.2624881E7	0	0			
tr|Q7ZUZ7|Q7ZUZ7_DANRE	Q7ZUZ7	Q7ZUZ7_DANRE	arf1l	181	false	false	Danio rerio	ADP-ribosylation factor	1:Experimental evidence at protein level	5.52	1.0000	0.9990	0.00000000000000	1	0	0	1	0	0	835288.0	0	0			
tr|Q7ZV77|Q7ZV77_DANRE	Q7ZV77	Q7ZV77_DANRE	wu:fe05d10	261	false	false	Danio rerio	Proteasome subunit alpha type	1:Experimental evidence at protein level	3.83	1.0000	0.9990	0.00000000000000	1	1	1	1	1	1	701242.8	701242.8	701242.8			
tr|Q7ZVD9|Q7ZVD9_DANRE	Q7ZVD9	Q7ZVD9_DANRE	wu:fb13d09	245	false	false	Danio rerio	DNA-(apurinic or apyrimidinic site) lyase	1:Experimental evidence at protein level	3.67	1.0000	0.9990	0.00000000000000	1	1	1	1	1	1	3616645.0	3616645.0	3616645.0			
tr|Q7ZVI6|Q7ZVI6_DANRE	Q7ZVI6	Q7ZVI6_DANRE	fa93f03	450	false	false	Danio rerio	Tubulin alpha chain	1:Experimental evidence at protein level	34.22	1.0000	0.9990	0.00000000000000	10	0	0	11	0	0	3.7762804E7	0	0			
tr|Q7ZVX4|Q7ZVX4_DANRE	Q7ZVX4	Q7ZVX4_DANRE	wu:fj47f07	215	false	false	Danio rerio	Ras-related protein Rab-14	1:Experimental evidence at protein level	5.12	1.0000	0.9967	0.00000000000000	1	0	0	1	0	0	920759.3	0	0			
tr|Q7ZW01|Q7ZW01_DANRE	Q7ZW01	Q7ZW01_DANRE	fd02b12	445	false	false	Danio rerio	Tubulin beta chain	1:Experimental evidence at protein level	34.38	1.0000	0.9990	0.00000000000000	15	0	0	16	0	0	3.1398876E7	0	0			
tr|Q7ZW95|Q7ZW95_DANRE	Q7ZW95	Q7ZW95_DANRE	zgc:56659	375	false	false	Danio rerio	60S ribosomal protein L4	1:Experimental evidence at protein level	5.87	1.0000	0.9990	0.00000000000000	2	2	2	2	2	2	3525196.2	3525196.2	3525196.2	2C(57.0215)		
tr|Q802C9|Q802C9_DANRE	Q802C9	Q802C9_DANRE	wu:fd15g03	406	false	false	Danio rerio	ATP-dependent RNA helicase	1:Experimental evidence at protein level	2.46	1.0000	0.9990	0.00000000000000	1	0	1	1	0	1	3064504.5	0	3064504.5			
tr|Q802U8|Q802U8_DANRE	Q802U8	Q802U8_DANRE	wu:fb12d01	192	false	false	Danio rerio	H1 histone family, member X	1:Experimental evidence at protein level	9.90	1.0000	0.9990	0.00000000000000	2	2	2	2	2	2	1.0238704E7	1.0238704E7	1.0238704E7			
tr|Q802Y1|Q802Y1_DANRE	Q802Y1	Q802Y1_DANRE	zgc:55809	366	false	false	Danio rerio	Serine and arginine-rich-splicing factor 4	1:Experimental evidence at protein level	2.46	1.0000	0.9989	0.00000000000000	1	0	0	1	0	0	2598189.0	0	0			
tr|Q804G7|Q804G7_DANRE	Q804G7	Q804G7_DANRE	ANXIV	321	false	false	Danio rerio	Annexin	1:Experimental evidence at protein level	4.36	1.0000	0.9990	0.00000000000000	1	1	1	1	1	1	0	0	0	2M(15.9949)		
tr|Q8AWD0|Q8AWD0_DANRE	Q8AWD0	Q8AWD0_DANRE	wu:fa01a08	283	false	false	Danio rerio	Vdac2 protein	1:Experimental evidence at protein level	21.55	1.0000	0.9990	0.00000000000000	6	6	6	4	4	4	1.6125874E7	1.6125874E7	1.6125874E7	1M(15.9949),N-term(42.0106)		
tr|Q8AWD9|Q8AWD9_DANRE	Q8AWD9	Q8AWD9_DANRE	catD	398	false	false	Danio rerio	Cathepsin D	1:Experimental evidence at protein level	2.76	1.0000	0.9990	0.00000000000000	1	0	0	1	0	0	398355.53	0	0			
tr|Q8AY63|Q8AY63_DANRE	Q8AY63	Q8AY63_DANRE	ckb	381	false	false	Danio rerio	creatine kinase	1:Experimental evidence at protein level	7.87	1.0000	0.9990	0.00000000000000	2	0	2	2	0	2	916123.9	0	916123.9	11M(15.9949)		
tr|Q8JHI0|Q8JHI0_DANRE	Q8JHI0	Q8JHI0_DANRE	SLC25A5	298	false	false	Danio rerio	ADP/ATP translocase	1:Experimental evidence at protein level	14.43	1.0000	0.9990	0.00000000000000	5	2	5	4	2	4	4790786.5	2396024.0	4790786.5	N-term(42.0106)		
tr|Q8QHA6|Q8QHA6_DANRE	Q8QHA6	Q8QHA6_DANRE	wu:fj51e01	509	false	false	Danio rerio	Vacuolar proton pump subunit B	1:Experimental evidence at protein level	6.88	1.0000	0.9990	0.00000000000000	3	2	3	3	2	3	1584234.1	442117.66	1584234.1			
tr|Q8QHA7|Q8QHA7_DANRE	Q8QHA7	Q8QHA7_DANRE	vatB1	506	false	false	Danio rerio	Vacuolar proton pump subunit B	1:Experimental evidence at protein level	1.98	1.0000	0.9990	0.00000000000000	1	0	0	1	0	0	1142116.5	0	0			
tr|Q9DEU1|Q9DEU1_DANRE	Q9DEU1	Q9DEU1_DANRE	zgc:92351	1025	false	false	Danio rerio	Sodium/potassium-transporting ATPase subunit alpha	1:Experimental evidence at protein level	5.37	1.0000	0.9990	0.00000000000000	4	0	0	4	0	0	6200111.0	0	0			
tr|Q9DGL6|Q9DGL6_DANRE	Q9DGL6	Q9DGL6_DANRE	atp1a1	1028	false	false	Danio rerio	Sodium/potassium-transporting ATPase subunit alpha	1:Experimental evidence at protein level	5.35	1.0000	0.9990	0.00000000000000	4	0	0	4	0	0	6200111.0	0	0			
tr|Q9I8N9|Q9I8N9_DANRE	Q9I8N9	Q9I8N9_DANRE	B-FABP	132	false	false	Danio rerio	Brain-type fatty acid-binding protein	1:Experimental evidence at protein level	11.36	1.0000	0.9990	0.00000000000000	1	1	1	1	1	1	0	0	0			
tr|Q9PWD8|Q9PWD8_DANRE	Q9PWD8	Q9PWD8_DANRE	wu:fa03a08	429	false	false	Danio rerio	Type I cytokeratin	1:Experimental evidence at protein level	1.63	1.0000	0.9990	0.00000000000000	1	0	0	1	0	0	2.80983424E8	0	0			
tr|Q9W792|Q9W792_DANRE	Q9W792	Q9W792_DANRE	fa13h08	556	false	false	Danio rerio	T-complex protein 1 subunit alpha	1:Experimental evidence at protein level	1.98	1.0000	0.9990	0.00000000000000	1	1	1	1	1	1	1974313.0	1974313.0	1974313.0			
tr|Q9YHX5|Q9YHX5_DANRE	Q9YHX5	Q9YHX5_DANRE	cb28	455	false	false	Danio rerio	Vimentin	1:Experimental evidence at protein level	3.96	1.0000	0.9990	0.00000000000000	2	0	1	2	0	1	3672633.5	0	0			
tr|R4GDP5|R4GDP5_DANRE	R4GDP5	R4GDP5_DANRE	api5	529	false	false	Danio rerio	apoptosis inhibitor 5	3:Protein inferred from homology	3.40	1.0000	0.9990	0.00000000000000	1	1	1	1	1	1	0	0	0			
tr|R4GE15|R4GE15_DANRE	R4GE15	R4GE15_DANRE	si:ch211-113a14.29	124	false	false	Danio rerio	Histone H2B	3:Protein inferred from homology	46.77	1.0000	0.9990	0.00000000000000	9	0	9	17	0	17	4.9287526E9	0	4.9287526E9	13M(15.9949),2M(15.9949),2M(15.9949),5M(15.9949),5M(15.9949)		
tr|X1WFI9|X1WFI9_DANRE	X1WFI9	X1WFI9_DANRE	hmgb1b	197	false	false	Danio rerio	High mobility group box 1b	1:Experimental evidence at protein level	21.83	1.0000	0.9990	0.00000000000000	5	4	4	4	3	3	6592604.0	6592604.0	6592604.0	10C(57.0215),10C(57.0215)		
tr|A0A8M2BFA0|A0A8M2BFA0_DANRE	A0A8M2BFA0	A0A8M2BFA0_DANRE	pou2f1b	702	false	false	Danio rerio	POU domain protein	3:Protein inferred from homology	1.57	0.9999	0.9988	0.00000000000000	1	0	1	1	0	1	384032.03	0	384032.03	2M(15.9949),3C(57.0215)		tr|A0A8M2BJD9|A0A8M2BJD9_DANRE, tr|A0A8M3AT79|A0A8M3AT79_DANRE, tr|A0A8M3B3B2|A0A8M3B3B2_DANRE, tr|O42276|O42276_DANRE
tr|B0UXR9|B0UXR9_DANRE	B0UXR9	B0UXR9_DANRE	hsp70.1	643	false	false	Danio rerio	Heat shock cognate 70-kd protein, tandem duplicate 2	3:Protein inferred from homology	3.58	0.9999	0.9983	0.00000000000000	2	0	0	2	0	0	2858244.5	0	0			tr|B0UXS6|B0UXS6_DANRE, tr|Q6PH56|Q6PH56_DANRE
tr|Q6DG81|Q6DG81_DANRE	Q6DG81	Q6DG81_DANRE	zgc:91903	627	false	false	Danio rerio	Plastin 3 (T isoform)	1:Experimental evidence at protein level	1.91	0.9999	0.9972	0.00000000000000	1	1	1	1	1	1	2148558.0	2148558.0	2148558.0			
tr|A0A8M2B8T5|A0A8M2B8T5_DANRE	A0A8M2B8T5	A0A8M2B8T5_DANRE	srsf6a	400	false	false	Danio rerio	serine/arginine-rich splicing factor 6a isoform X1	1:Experimental evidence at protein level	4.50	0.9998	0.9989	0.00000000000000	2	1	1	2	1	1	3078277.0	480088.12	480088.12			
tr|Q08C80|Q08C80_DANRE	Q08C80	Q08C80_DANRE	fj41e11	444	false	false	Danio rerio	Tubulin beta chain	1:Experimental evidence at protein level	26.80	0.9998	0.9979	0.00000000000000	13	0	0	13	0	0	3.1398876E7	0	0			
tr|Q7ZUR5|Q7ZUR5_DANRE	Q7ZUR5	Q7ZUR5_DANRE	fb01d07	185	false	false	Danio rerio	Translocon-associated protein subunit gamma	1:Experimental evidence at protein level	7.57	0.9998	0.9990	0.00000000000000	1	1	1	1	1	1	772859.8	772859.8	772859.8			
tr|A0A8M1Q6T5|A0A8M1Q6T5_DANRE	A0A8M1Q6T5	A0A8M1Q6T5_DANRE	si:ch211-113a14.18	199	false	false	Danio rerio	histone H1-like	3:Protein inferred from homology	26.63	0.9997	0.9989	0.00000000000000	10	0	1	14	0	1	2.79102816E8	0	4.3560308E7			tr|A0A8N7TAZ2|A0A8N7TAZ2_DANRE, tr|A0A8N7UY69|A0A8N7UY69_DANRE
tr|A0A8M1NE33|A0A8M1NE33_DANRE	A0A8M1NE33	A0A8M1NE33_DANRE	si:ch211-199o1.2	639	false	false	Danio rerio	Heat shock protein family A (Hsp70) member 1B	1:Experimental evidence at protein level	3.60	0.9994	0.9839	0.00109080992637	2	0	1	2	0	1	2858244.5	0	2196957.0			
tr|A0A8N7T6V1|A0A8N7T6V1_DANRE	A0A8N7T6V1	A0A8N7T6V1_DANRE	si:dkey-183i3.5	650	false	false	Danio rerio	thread biopolymer filament subunit alpha	1:Experimental evidence at protein level	1.08	0.9994	0.9953	0.00000000000000	1	0	0	1	0	0	8030516.0	0	0			
sp|Q15323|K1H1_HUMAN	Q15323	K1H1_HUMAN	KRT31	416	false	false	Homo sapiens	Keratin, type I cuticular Ha1	1:Experimental evidence at protein level	1.68	0.9988	0.9987	0.00000000000000	1	0	0	1	0	0	2.80983424E8	0	0			
sp|Q14532|K1H2_HUMAN	Q14532	K1H2_HUMAN	KRT32	448	false	false	Homo sapiens	Keratin, type I cuticular Ha2	1:Experimental evidence at protein level	6.25	0.9986	0.9733	0.00342736620090	2	1	1	2	1	1	2.80983424E8	0	0	9M(15.9949)		
tr|A2RV44|A2RV44_DANRE	A2RV44	A2RV44_DANRE	wu:fb58f07	486	false	false	Danio rerio	Zgc:158846 protein	2:Experimental evidence at transcript level	5.76	0.9978	0.9490	0.00907944514502	4	0	0	4	0	0	1.1385128E8	0	0			
tr|A0A8M1PUA5|A0A8M1PUA5_DANRE	A0A8M1PUA5	A0A8M1PUA5_DANRE	aclyb	1111	false	false	Danio rerio	ATP-citrate synthase	1:Experimental evidence at protein level	1.44	0.9975	0.9987	0.00000000000000	1	1	1	1	1	1	262367.22	262367.22	262367.22			
tr|A8WFS0|A8WFS0_DANRE	A8WFS0	A8WFS0_DANRE	LOC560210	643	false	false	Danio rerio	LOC560210 protein	2:Experimental evidence at transcript level	3.58	0.9975	0.9901	0.00027901785714	2	0	0	2	0	0	2858244.5	0	0			
tr|Q5M9N3|Q5M9N3_DANRE	Q5M9N3	Q5M9N3_DANRE	sfrs6b	355	false	false	Danio rerio	Splicing factor, arginine/serine-rich 6b	1:Experimental evidence at protein level	2.54	0.9974	0.9972	0.00000000000000	1	0	0	1	0	0	2598189.0	0	0			
tr|Q1L986|Q1L986_DANRE	Q1L986	Q1L986_DANRE	rab3b	217	false	false	Danio rerio	RAB3B, member RAS oncogene family (Fragment)	1:Experimental evidence at protein level	5.07	0.9968	0.9950	0.00000000000000	2	0	0	1	0	0	1944030.4	0	0			
sp|Q7ZW86|CWC27_DANRE	Q7ZW86	CWC27_DANRE	cwc27	470	false	false	Danio rerio	Spliceosome-associated protein CWC27 homolog	2:Experimental evidence at transcript level	6.17	0.9966	0.9987	0.00000000000000	1	1	1	1	1	1	0	0	0			
tr|Q6DGU2|Q6DGU2_DANRE	Q6DGU2	Q6DGU2_DANRE	zgc:92772	218	false	false	Danio rerio	RAB11B, member RAS oncogene family, b	2:Experimental evidence at transcript level	5.05	0.9956	0.9990	0.00000000000000	1	0	0	1	0	0	0	0	0			tr|Q802D1|Q802D1_DANRE
tr|A0A8M2BEV5|A0A8M2BEV5_DANRE	A0A8M2BEV5	A0A8M2BEV5_DANRE	rab3c	224	false	false	Danio rerio	Ras-related protein Rab-3	1:Experimental evidence at protein level	4.91	0.9947	0.9988	0.00000000000000	2	0	0	1	0	0	1944030.4	0	0			
tr|Q90X33|Q90X33_DANRE	Q90X33	Q90X33_DANRE	atp[a]1A1	1024	false	false	Danio rerio	Sodium/potassium-transporting ATPase subunit alpha	1:Experimental evidence at protein level	4.10	0.9927	0.9715	0.00367261280168	3	0	0	3	0	0	3925181.0	0	0			
tr|A0A8M9QIA6|A0A8M9QIA6_DANRE	A0A8M9QIA6	A0A8M9QIA6_DANRE	LOC110439971	90	false	false	Danio rerio	histone H2B 1/2-like	3:Protein inferred from homology	34.44	0.9916	0.9575	0.00793447658050	4	0	0	5	0	0	3.21441024E9	0	0			
tr|Q6NWK7|Q6NWK7_DANRE	Q6NWK7	Q6NWK7_DANRE	tuba1	451	false	false	Danio rerio	Tubulin alpha chain	2:Experimental evidence at transcript level	45.23	0.9901	0.9990	0.00000000000000	14	0	0	16	0	0	6.0993352E7	0	0			
tr|A4QN79|A4QN79_DANRE	A4QN79	A4QN79_DANRE	si:dkey-251i10.1	299	false	false	Danio rerio	ADP/ATP translocase	1:Experimental evidence at protein level	3.01	0.9872	0.9866	0.00082712985939	2	0	0	1	0	0	2345966.5	0	0			
tr|Q567W2|Q567W2_DANRE	Q567W2	Q567W2_DANRE	sb:cb640	453	false	false	Danio rerio	Zgc:110712	1:Experimental evidence at protein level	1.99	0.9859	0.9914	0.00027901785714	1	1	1	1	1	1	0	0	0			
tr|Q6P977|Q6P977_DANRE	Q6P977	Q6P977_DANRE	zgc:73061	213	false	false	Danio rerio	RAB42, member RAS oncogene family a	2:Experimental evidence at transcript level	5.16	0.9819	0.9960	0.00000000000000	1	0	0	1	0	0	920759.3	0	0			
tr|Q6DGB3|Q6DGB3_DANRE	Q6DGB3	Q6DGB3_DANRE	zgc:100889	201	false	false	Danio rerio	RAB30, member RAS oncogene family	2:Experimental evidence at transcript level	5.47	0.9806	0.9989	0.00000000000000	1	0	0	1	0	0	920759.3	0	0			
tr|Q7ZTT0|Q7ZTT0_DANRE	Q7ZTT0	Q7ZTT0_DANRE	zgc:56685	140	false	false	Danio rerio	Histone H2A	1:Experimental evidence at protein level	11.43	0.9800	0.9905	0.00027901785714	2	0	0	2	0	0	7.0217011E8	0	0			
tr|Q7ZSZ0|Q7ZSZ0_DANRE	Q7ZSZ0	Q7ZSZ0_DANRE	rab1a	201	false	false	Danio rerio	RAB1A, member RAS oncogene family	2:Experimental evidence at transcript level	5.47	0.9720	0.9758	0.00265533722783	1	0	0	1	0	0	920759.3	0	0			
tr|A8WFV1|A8WFV1_DANRE	A8WFV1	A8WFV1_DANRE	fc85a11	719	false	false	Danio rerio	TNF receptor-associated protein 1	1:Experimental evidence at protein level	1.95	0.9693	0.9887	0.00027901785714	1	0	0	1	0	0	4419750.0	0	0			
sp|P08758|ANXA5_HUMAN	P08758	ANXA5_HUMAN	ANXA5	320	false	false	Homo sapiens	Annexin A5	1:Experimental evidence at protein level	5.00	0.9550	0.9975	0.00000000000000	1	1	1	1	1	1	1164831.1	1164831.1	1164831.1			
tr|Q1LUM4|Q1LUM4_DANRE	Q1LUM4	Q1LUM4_DANRE	ppfibp1b	1013	false	false	Danio rerio	PPFIA-binding protein 1b	3:Protein inferred from homology	3.75	0.9495	0.9590	0.00770020533881	1	1	1	1	1	1	0	0	0	22C(57.0215)		
sp|Q68EK7|RAB4B_DANRE	Q68EK7	RAB4B_DANRE	rab4b	213	false	false	Danio rerio	Ras-related protein Rab-4B	2:Experimental evidence at transcript level	5.16	0.8391	0.9898	0.00027901785714	1	0	0	1	0	0	920759.3	0	0			sp|Q6PHI9|RAB4A_DANRE
sp|P00918|CAH2_HUMAN	P00918	CAH2_HUMAN	CA2	260	false	false	Homo sapiens	Carbonic anhydrase 2	1:Experimental evidence at protein level	6.15	0.7227	0.9797	0.00187366167024	1	1	1	1	1	1	1519036.1	1519036.1	1519036.1			
sp|P25691|K2M3_SHEEP	P25691	K2M3_SHEEP		502	false	false	Ovis aries	Keratin, type II microfibrillar, component 5	1:Experimental evidence at protein level	1.39	0.6509	0.9719	0.00367261280168	1	0	0	1	0	0	3672633.5	0	0			sp|P78386|KRT85_HUMAN
