source,native,name,p_value,significant,description,term_size,query_size,intersection_size,effective_domain_size,precision,recall,query,parents
GO:MF,GO:0000166,nucleotide binding,2.2107828760590918e-06,True,"""Binding to a nucleotide, any compound consisting of a nucleoside that is esterified with (ortho)phosphate or an oligophosphate at any hydroxyl group on the ribose or deoxyribose."" [GOC:mah, ISBN:0198547684]",2795,17,12,21077,0.7058823529411765,0.004293381037567,query_1,"['GO:1901265', 'GO:1901363']"
GO:MF,GO:0017076,purine nucleotide binding,2.2107828760590918e-06,True,"""Binding to a purine nucleotide, a compound consisting of a purine nucleoside esterified with (ortho)phosphate."" [GOC:ai]",2695,17,12,21077,0.7058823529411765,0.0044526901669758,query_1,['GO:0000166']
GO:MF,GO:1901265,nucleoside phosphate binding,2.2107828760590918e-06,True,"""Binding to nucleoside phosphate."" [GOC:TermGenie]",2805,17,12,21077,0.7058823529411765,0.0042780748663101,query_1,['GO:0005488']
GO:MF,GO:1901363,heterocyclic compound binding,2.5519149282853684e-06,True,"""Binding to heterocyclic compound."" [GOC:TermGenie]",2914,17,12,21077,0.7058823529411765,0.004118050789293,query_1,['GO:0036094']
GO:MF,GO:0032553,ribonucleotide binding,5.970022012409471e-06,True,"""Binding to a ribonucleotide, any compound consisting of a ribonucleoside that is esterified with (ortho)phosphate or an oligophosphate at any hydroxyl group on the ribose moiety."" [GOC:mah]",2607,17,11,21077,0.6470588235294118,0.0042194092827004,query_1,"['GO:0000166', 'GO:0097367']"
GO:MF,GO:0035639,purine ribonucleoside triphosphate binding,5.970022012409471e-06,True,"""Binding to a purine ribonucleoside triphosphate, a compound consisting of a purine base linked to a ribose sugar esterified with triphosphate on the sugar."" [GOC:BHF, GOC:ebc, ISBN:0198506732]",2581,17,11,21077,0.6470588235294118,0.0042619139868268,query_1,"['GO:0043168', 'GO:1901265', 'GO:1901363']"
GO:MF,GO:0032555,purine ribonucleotide binding,5.970022012409471e-06,True,"""Binding to a purine ribonucleotide, any compound consisting of a purine ribonucleoside that is esterified with (ortho)phosphate or an oligophosphate at any hydroxyl group on the ribose moiety."" [GOC:mah]",2592,17,11,21077,0.6470588235294118,0.0042438271604938,query_1,"['GO:0017076', 'GO:0032553']"
GO:CC,GO:0005856,cytoskeleton,5.985769725294531e-06,True,"""A cellular structure that forms the internal framework of eukaryotic and prokaryotic cells. The cytoskeleton includes intermediate filaments, microfilaments, microtubules, the microtrabecular lattice, and other structures characterized by a polymeric filamentous nature and long-range order within the cell. The various elements of the cytoskeleton not only serve in the maintenance of cellular shape but also have roles in other cellular functions, including cellular movement, cell division, endocytosis, and movement of organelles."" [GOC:mah, PMID:16959967, PMID:27419875]",587,11,7,12235,0.6363636363636364,0.0119250425894378,query_1,['GO:0043232']
GO:CC,GO:0099512,supramolecular fiber,5.999055373031357e-06,True,"""A polymer consisting of an indefinite number of protein or protein complex subunits that have polymerised to form a fiber-shaped structure."" [GOC:dos]",200,11,5,12235,0.4545454545454545,0.025,query_1,['GO:0099081']
GO:CC,GO:0099081,supramolecular polymer,5.999055373031357e-06,True,"""A polymeric supramolecular structure."" [GOC:dos]",200,11,5,12235,0.4545454545454545,0.025,query_1,['GO:0099080']
GO:MF,GO:0097367,carbohydrate derivative binding,7.065593979869944e-06,True,"""Binding to a carbohydrate derivative."" [GOC:pr]",2685,17,11,21077,0.6470588235294118,0.004096834264432,query_1,['GO:0005488']
GO:MF,GO:0043168,anion binding,1.1707760507760137e-05,True,"""Binding to an anion, a charged atom or group of atoms with a net negative charge."" [GOC:jl]",2854,17,11,21077,0.6470588235294118,0.0038542396636299,query_1,['GO:0043167']
GO:CC,GO:0099080,supramolecular complex,1.8449472707445204e-05,True,"""A cellular component that consists of an indeterminate number of proteins or macromolecular complexes, organized into a regular, higher-order structure such as a polymer, sheet, network or a fiber."" [GOC:dos]",266,11,5,12235,0.4545454545454545,0.018796992481203,query_1,['GO:0110165']
GO:MF,GO:0005200,structural constituent of cytoskeleton,2.660178376336136e-05,True,"""The action of a molecule that contributes to the structural integrity of a cytoskeletal structure."" [GOC:mah]",39,17,3,21077,0.1764705882352941,0.0769230769230769,query_1,['GO:0005198']
GO:CC,GO:0099513,polymeric cytoskeletal fiber,4.449793321033471e-05,True,"""A component of the cytoskeleton consisting of a homo or heteropolymeric fiber constructed from an indeterminate number of protein subunits."" [GOC:dos]",145,11,4,12235,0.3636363636363636,0.0275862068965517,query_1,"['GO:0005856', 'GO:0099512']"
GO:MF,GO:0140662,ATP-dependent protein folding chaperone,4.8510810724091926e-05,True,"""Binding to a protein or a protein-containing complex to assist the protein folding process, driven by ATP hydrolysis."" [PMID:27365453]",49,17,3,21077,0.1764705882352941,0.0612244897959183,query_1,"['GO:0044183', 'GO:0140657']"
GO:MF,GO:0044183,protein folding chaperone,5.326094469302736e-05,True,"""Binding to a protein or a protein-containing complex to assist the protein folding process."" [GOC:mtg_cambridge_2009]",52,17,3,21077,0.1764705882352941,0.0576923076923076,query_1,['GO:0003674']
GO:MF,GO:0036094,small molecule binding,0.0001437633691329,True,"""Binding to a small molecule, any low molecular weight, monomeric, non-encoded molecule."" [GOC:curators, GOC:pde, GOC:pm]",5644,17,13,21077,0.7647058823529411,0.0023033309709425,query_1,['GO:0005488']
GO:MF,GO:0044877,protein-containing complex binding,0.0002339646711991,True,"""Binding to a macromolecular complex."" [GOC:jl]",261,17,4,21077,0.2352941176470588,0.0153256704980842,query_1,['GO:0005488']
GO:CC,GO:0005874,microtubule,0.0003089070495001,True,"""Any of the long, generally straight, hollow tubes of internal diameter 12-15 nm and external diameter 24 nm found in a wide variety of eukaryotic cells; each consists (usually) of 13 protofilaments of polymeric tubulin, staggered in such a manner that the tubulin monomers are arranged in a helical pattern on the microtubular surface, and with the alpha/beta axes of the tubulin subunits parallel to the long axis of the tubule; exist in equilibrium with pool of tubulin monomers and can be rapidly assembled or disassembled in response to physiological stimuli; concerned with force generation, e.g. in the spindle."" [ISBN:0879693568]",85,11,3,12235,0.2727272727272727,0.0352941176470588,query_1,"['GO:0015630', 'GO:0099513']"
GO:CC,GO:0016459,myosin complex,0.0003089070495001,True,"""A protein complex, formed of one or more myosin heavy chains plus associated light chains and other proteins, that functions as a molecular motor; uses the energy of ATP hydrolysis to move actin filaments or to move vesicles or other cargo on fixed actin filaments; has magnesium-ATPase activity and binds actin. Myosin classes are distinguished based on sequence features of the motor, or head, domain, but also have distinct tail regions that are believed to bind specific cargoes."" [GOC:mah, Wikipedia:Myosin]",88,11,3,12235,0.2727272727272727,0.034090909090909,query_1,"['GO:0015629', 'GO:0032991']"
GO:MF,GO:0051015,actin filament binding,0.0003723283606143,True,"""Binding to an actin filament, also known as F-actin, a helical filamentous polymer of globular G-actin subunits."" [ISBN:0198506732]",107,17,3,21077,0.1764705882352941,0.02803738317757,query_1,"['GO:0003779', 'GO:0044877']"
GO:MF,GO:0032561,guanyl ribonucleotide binding,0.0005290419518152,True,"""Binding to a guanyl ribonucleotide, any compound consisting of guanosine esterified with (ortho)phosphate or an oligophosphate at any hydroxyl group on the ribose moiety."" [GOC:mah]",658,17,5,21077,0.2941176470588235,0.0075987841945288,query_1,"['GO:0019001', 'GO:0032555']"
GO:MF,GO:0005525,GTP binding,0.0005290419518152,True,"""Binding to GTP, guanosine triphosphate."" [GOC:ai]",652,17,5,21077,0.2941176470588235,0.0076687116564417,query_1,"['GO:0032561', 'GO:0035639']"
GO:MF,GO:0019001,guanyl nucleotide binding,0.0005485343991822,True,"""Binding to a guanyl nucleotide, consisting of guanosine esterified with (ortho)phosphate."" [ISBN:0198506732]",679,17,5,21077,0.2941176470588235,0.0073637702503681,query_1,['GO:0017076']
GO:MF,GO:0043167,ion binding,0.0005485343991822,True,"""Binding to an ion, a charged atoms or groups of atoms."" [GOC:jl]",5475,17,12,21077,0.7058823529411765,0.0021917808219178,query_1,['GO:0036094']
GO:MF,GO:0003746,translation elongation factor activity,0.0006177781990377,True,"""Functions in chain elongation during polypeptide synthesis at the ribosome."" [ISBN:0198506732]",25,17,2,21077,0.1176470588235294,0.08,query_1,['GO:0180051']
GO:MF,GO:0003774,cytoskeletal motor activity,0.0008268890111355,True,"""Generation of force resulting in movement, for example along a microfilament or microtubule, or in torque resulting in membrane scission or rotation of a flagellum. The energy required is obtained either from the hydrolysis of a nucleoside triphosphate or by an electrochemical proton gradient (proton-motive force)."" [GOC:mah, GOC:vw, PMID:11242086, PMID:29716949]",157,17,3,21077,0.1764705882352941,0.019108280254777,query_1,['GO:0003674']
GO:MF,GO:0017111,ribonucleoside triphosphate phosphatase activity,0.000841466078478,True,"""Catalysis of the reaction: a ribonucleoside triphosphate + H2O = a ribonucleoside diphosphate + H+ + phosphate."" [RHEA:23680]",768,17,5,21077,0.2941176470588235,0.0065104166666666,query_1,['GO:0016462']
GO:MF,GO:0016817,"hydrolase activity, acting on acid anhydrides",0.0009859394696171,True,"""Catalysis of the hydrolysis of any acid anhydride."" [GOC:jl]",817,17,5,21077,0.2941176470588235,0.0061199510403916,query_1,['GO:0016787']
GO:MF,GO:0016462,pyrophosphatase activity,0.0009859394696171,True,"""Catalysis of the hydrolysis of a pyrophosphate bond (diphosphate bond) between two phosphate groups."" [GOC:curators, https://en.wikipedia.org/wiki/Pyrophosphatase]",805,17,5,21077,0.2941176470588235,0.0062111801242236,query_1,['GO:0016818']
GO:MF,GO:0016818,"hydrolase activity, acting on acid anhydrides, in phosphorus-containing anhydrides",0.0009859394696171,True,"""Catalysis of the hydrolysis of any acid anhydride which contains phosphorus."" [GOC:jl]",815,17,5,21077,0.2941176470588235,0.0061349693251533,query_1,['GO:0016817']
GO:MF,GO:0030554,adenyl nucleotide binding,0.0015773174966772,True,"""Binding to an adenyl nucleotide, an adenosine esterified with (ortho)phosphate."" [ISBN:0198506732]",2021,17,7,21077,0.4117647058823529,0.0034636318654131,query_1,['GO:0017076']
GO:CC,GO:0015629,actin cytoskeleton,0.0020126369332322,True,"""The part of the cytoskeleton (the internal framework of a cell) composed of actin and associated proteins. Includes actin cytoskeleton-associated complexes."" [GOC:jl, ISBN:0395825172, ISBN:0815316194]",187,11,3,12235,0.2727272727272727,0.0160427807486631,query_1,['GO:0005856']
GO:CC,GO:0043228,membraneless organelle,0.0020126369332322,True,"""Organized structure of distinctive morphology and function, not bounded by a lipid bilayer membrane. Includes ribosomes, the cytoskeleton and chromosomes."" [GOC:go_curators]",2715,11,8,12235,0.7272727272727273,0.0029465930018416,query_1,['GO:0043226']
GO:CC,GO:0043232,intracellular membraneless organelle,0.0020126369332322,True,"""Organized structure of distinctive morphology and function, not bounded by a lipid bilayer membrane and occurring within the cell. Includes ribosomes, the cytoskeleton and chromosomes."" [GOC:go_curators]",2715,11,8,12235,0.7272727272727273,0.0029465930018416,query_1,"['GO:0043228', 'GO:0043229']"
GO:MF,GO:0004096,catalase activity,0.0020313524132853,True,"""Catalysis of the reaction: 2 hydrogen peroxide = O2 + 2 H2O."" [EC:1.11.1.6]",1,17,1,21077,0.0588235294117647,1.0,query_1,['GO:0004601']
GO:MF,GO:0003779,actin binding,0.002666308495691,True,"""Binding to monomeric or multimeric forms of actin, including actin filaments."" [GOC:clt]",259,17,3,21077,0.1764705882352941,0.0115830115830115,query_1,['GO:0008092']
GO:MF,GO:0051082,unfolded protein binding,0.0027240860880207,True,"""Binding to an unfolded protein."" [GOC:ai]",63,17,2,21077,0.1176470588235294,0.0317460317460317,query_1,['GO:0005515']
GO:MF,GO:0140657,ATP-dependent activity,0.0027918408724228,True,"""A molecular function characterized by the coupling of ATP hydrolysis to other steps of a reaction mechanism to make the reaction energetically favorable, for example to catalyze a reaction or drive transport against a concentration gradient."" [PMID:24878343, PMID:25750732, PMID:32933017, PMID:33818025, PMID:33873056, PMID:33988324]",611,17,4,21077,0.2352941176470588,0.0065466448445171,query_1,['GO:0003674']
GO:CC,GO:0015630,microtubule cytoskeleton,0.0029382781695154,True,"""The part of the cytoskeleton (the internal framework of a cell) composed of microtubules and associated proteins."" [GOC:jl, ISBN:0395825172]",220,11,3,12235,0.2727272727272727,0.0136363636363636,query_1,['GO:0005856']
GO:CC,GO:0005622,intracellular anatomical structure,0.003503283069102,True,"""A component of a cell contained within (but not including) the plasma membrane. In eukaryotes it includes the nucleus and cytoplasm."" [ISBN:0198506732]",6592,11,11,12235,1.0,0.0016686893203883,query_1,['GO:0110165']
GO:CC,GO:0005829,cytosol,0.0036423143776298,True,"""The part of the cytoplasm that does not contain organelles but which does contain other particulate matter, such as protein complexes."" [GOC:hjd, GOC:jl]",251,11,3,12235,0.2727272727272727,0.0119521912350597,query_1,"['GO:0005737', 'GO:0110165']"
GO:MF,GO:0180051,translation factor activity,0.0046099511698938,True,"""A molecular function required for translation of a mRNA into a protein functioning as part of initiation, elongation or termination of translation."" [GOC:pg]",85,17,2,21077,0.1176470588235294,0.0235294117647058,query_1,['GO:0003674']
GO:MF,GO:0032559,adenyl ribonucleotide binding,0.0062894748160212,True,"""Binding to an adenyl ribonucleotide, any compound consisting of adenosine esterified with (ortho)phosphate or an oligophosphate at any hydroxyl group on the ribose moiety."" [GOC:mah]",1939,17,6,21077,0.3529411764705882,0.003094378545642,query_1,"['GO:0030554', 'GO:0032555']"
GO:MF,GO:0005524,ATP binding,0.0062894748160212,True,"""Binding to ATP, adenosine 5'-triphosphate, a universally important coenzyme and enzyme regulator."" [ISBN:0198506732]",1933,17,6,21077,0.3529411764705882,0.0031039834454216,query_1,"['GO:0032559', 'GO:0035639']"
GO:MF,GO:0004634,phosphopyruvate hydratase activity,0.0096604448924084,True,"""Catalysis of the reaction: 2-phospho-D-glycerate = phosphoenolpyruvate + H2O."" [EC:4.2.1.11, ISBN:0198506732]",6,17,1,21077,0.0588235294117647,0.1666666666666666,query_1,['GO:0016836']
GO:CC,GO:0022627,cytosolic small ribosomal subunit,0.0097492613742943,True,"""The small subunit of a ribosome located in the cytosol."" [GOC:mtg_sensu]",4,11,1,12235,0.0909090909090909,0.25,query_1,"['GO:0015935', 'GO:0022626']"
GO:MF,GO:0003924,GTPase activity,0.0098461777214589,True,"""Catalysis of the reaction: GTP + H2O = GDP + H+ + phosphate."" [PMID:26832457, PMID:27218782]",444,17,3,21077,0.1764705882352941,0.0067567567567567,query_1,['GO:0017111']
GO:MF,GO:0008092,cytoskeletal protein binding,0.0116136152770715,True,"""Binding to a protein component of a cytoskeleton (actin, microtubule, or intermediate filament cytoskeleton)."" [GOC:mah]",476,17,3,21077,0.1764705882352941,0.0063025210084033,query_1,['GO:0005515']
GO:CC,GO:0000015,phosphopyruvate hydratase complex,0.0127854513877962,True,"""A multimeric enzyme complex, usually a dimer or an octamer, that catalyzes the conversion of 2-phospho-D-glycerate to phosphoenolpyruvate and water."" [GOC:jl, ISBN:0198506732]",6,11,1,12235,0.0909090909090909,0.1666666666666666,query_1,"['GO:0005829', 'GO:1902494']"
GO:CC,GO:0032982,myosin filament,0.0127854513877962,True,"""A supramolecular fiber containing myosin heavy chains, plus associated light chains and other proteins, in which the myosin heavy chains are arranged into a filament."" [GOC:mah]",6,11,1,12235,0.0909090909090909,0.1666666666666666,query_1,['GO:0099512']
GO:MF,GO:0000146,microfilament motor activity,0.0177139632702317,True,"""A motor activity that generates movement along a microfilament, driven by ATP hydrolysis."" [PMID:29716949]",12,17,1,21077,0.0588235294117647,0.0833333333333333,query_1,"['GO:0003774', 'GO:0120544', 'GO:0140657']"
GO:CC,GO:0016460,myosin II complex,0.0180279379188699,True,"""A myosin complex containing two class II myosin heavy chains, two myosin essential light chains and two myosin regulatory light chains. Also known as classical myosin or conventional myosin, the myosin II class includes the major muscle myosin of vertebrate and invertebrate muscle, and is characterized by alpha-helical coiled coil tails that self assemble to form a variety of filament structures."" [Wikipedia:Myosin]",9,11,1,12235,0.0909090909090909,0.1111111111111111,query_1,['GO:0016459']
GO:MF,GO:0016787,hydrolase activity,0.0189832661459927,True,"""Catalysis of the hydrolysis of various bonds, e.g. C-O, C-N, C-C, phosphoric anhydride bonds, etc."" [ISBN:0198506732]",2494,17,6,21077,0.3529411764705882,0.0024057738572574,query_1,['GO:0003824']
GO:MF,GO:0005198,structural molecule activity,0.0196039573893289,True,"""The action of a molecule that contributes to the structural integrity of a complex."" [GOC:mah, GOC:vw]",1783,17,5,21077,0.2941176470588235,0.002804262478968,query_1,['GO:0003674']
GO:CC,GO:0005737,cytoplasm,0.024428156118103,True,"""The contents of a cell excluding the plasma membrane and nucleus, but including other subcellular structures."" [ISBN:0198547684]",2445,11,6,12235,0.5454545454545454,0.0024539877300613,query_1,"['GO:0005622', 'GO:0110165']"
GO:MF,GO:0043022,ribosome binding,0.0258748119542478,True,"""Binding to a ribosome."" [GOC:go_curators]",19,17,1,21077,0.0588235294117647,0.0526315789473684,query_1,['GO:0043021']
GO:BP,GO:0006414,translational elongation,0.0275132336525116,True,"""The successive addition of amino acid residues to a nascent polypeptide chain during protein biosynthesis."" [GOC:ems]",33,12,2,14996,0.1666666666666666,0.0606060606060606,query_1,"['GO:0006412', 'GO:0009059']"
GO:MF,GO:0043021,ribonucleoprotein complex binding,0.0291963573080522,True,"""Binding to a complex of RNA and protein."" [GOC:bf, GOC:go_curators, GOC:vk]",22,17,1,21077,0.0588235294117647,0.0454545454545454,query_1,['GO:0044877']
GO:MF,GO:0003824,catalytic activity,0.033584246026711,True,"""Catalysis of a biochemical reaction at physiological temperatures. In biologically catalyzed reactions, the reactants are known as substrates, and the catalysts are naturally occurring macromolecular substances known as enzymes. Enzymes possess specific binding sites for substrates, and are usually composed wholly or largely of protein, but RNA that has catalytic activity (ribozyme) is often also regarded as enzymatic."" [GOC:vw, ISBN:0198506732]",6763,17,10,21077,0.5882352941176471,0.001478633742422,query_1,['GO:0003674']
GO:MF,GO:0016620,"oxidoreductase activity, acting on the aldehyde or oxo group of donors, NAD or NADP as acceptor",0.0341006421605166,True,"""Catalysis of an oxidation-reduction (redox) reaction in which an aldehyde or ketone (oxo) group acts as a hydrogen or electron donor and reduces NAD or NADP."" [GOC:jl]",27,17,1,21077,0.0588235294117647,0.037037037037037,query_1,['GO:0016903']
GO:CC,GO:0022626,cytosolic ribosome,0.034617043424396,True,"""A ribosome located in the cytosol."" [GOC:mtg_sensu]",21,11,1,12235,0.0909090909090909,0.0476190476190476,query_1,"['GO:0005829', 'GO:0005840']"
GO:CC,GO:0015935,small ribosomal subunit,0.034617043424396,True,"""The smaller of the two subunits of a ribosome."" [GOC:mah]",20,11,1,12235,0.0909090909090909,0.05,query_1,['GO:0044391']
GO:CC,GO:0043229,intracellular organelle,0.034617043424396,True,"""Organized structure of distinctive morphology and function, occurring within the cell. Includes the nucleus, mitochondria, plastids, vacuoles, vesicles, ribosomes and the cytoskeleton. Excludes the plasma membrane."" [GOC:go_curators]",5696,11,9,12235,0.8181818181818182,0.0015800561797752,query_1,"['GO:0005622', 'GO:0043226']"
GO:CC,GO:0043226,organelle,0.035818011302026,True,"""Organized structure of distinctive morphology and function. Includes the nucleus, mitochondria, plastids, vacuoles, vesicles, ribosomes and the cytoskeleton, and prokaryotic structures such as anammoxosomes and pirellulosomes. Excludes the plasma membrane."" [GOC:go_curators]",5757,11,9,12235,0.8181818181818182,0.0015633142261594,query_1,['GO:0110165']
GO:MF,GO:0016684,"oxidoreductase activity, acting on peroxide as acceptor",0.0373558509836193,True,"""Catalysis of an oxidation-reduction (redox) reaction in which the peroxide group acts as a hydrogen or electron acceptor."" [EC:1.11.-.-]",31,17,1,21077,0.0588235294117647,0.032258064516129,query_1,['GO:0016491']
GO:MF,GO:0004601,peroxidase activity,0.0373558509836193,True,"""Catalysis of the reaction: a reduced substrate + ROOH = an oxidized substrate + ROH + H2O."" [PMID:33992367]",31,17,1,21077,0.0588235294117647,0.032258064516129,query_1,"['GO:0016209', 'GO:0016684']"
GO:MF,GO:0050661,NADP binding,0.040034771936361,True,"""Binding to nicotinamide-adenine dinucleotide phosphate, a coenzyme involved in many redox and biosynthetic reactions; binding may be to either the oxidized form, NADP+, or the reduced form, NADPH."" [GOC:ai]",34,17,1,21077,0.0588235294117647,0.0294117647058823,query_1,['GO:0030554']
GO:MF,GO:0016887,ATP hydrolysis activity,0.0402663924584219,True,"""Catalysis of the reaction: ATP + H2O = ADP + H+ phosphate. ATP hydrolysis is used in some reactions as an energy source, for example to catalyze a reaction or drive transport against a concentration gradient."" [RHEA:13065]",326,17,2,21077,0.1176470588235294,0.0061349693251533,query_1,"['GO:0017111', 'GO:0140657']"
GO:BP,GO:0006412,translation,0.0411085673198972,True,"""The cellular metabolic process in which a protein is formed, using the sequence of a mature mRNA or circRNA molecule to specify the sequence of amino acids in a polypeptide chain. Translation is mediated by the ribosome, and begins with the formation of a ternary complex between aminoacylated initiator methionine tRNA, GTP, and initiation factor 2, which subsequently associates with the small subunit of the ribosome and an mRNA or circRNA. Translation ends with the release of a polypeptide chain from the ribosome."" [GOC:go_curators]",354,12,3,14996,0.25,0.0084745762711864,query_1,"['GO:0009059', 'GO:0019538', 'GO:0160307']"
GO:BP,GO:0007017,microtubule-based process,0.0411085673198972,True,"""Any cellular process that depends upon or alters the microtubule cytoskeleton, that part of the cytoskeleton comprising microtubules and their associated proteins."" [GOC:mah]",303,12,3,14996,0.25,0.0099009900990099,query_1,['GO:0009987']
GO:BP,GO:0042744,hydrogen peroxide catabolic process,0.0411085673198972,True,"""The chemical reactions and pathways resulting in the breakdown of hydrogen peroxide (H2O2)."" [GOC:jl]",4,12,1,14996,0.0833333333333333,0.25,query_1,"['GO:0009056', 'GO:0042743']"
GO:BP,GO:0042743,hydrogen peroxide metabolic process,0.0411085673198972,True,"""The chemical reactions and pathways involving hydrogen peroxide (H2O2), a potentially harmful byproduct of aerobic cellular respiration which can cause damage to DNA."" [GOC:jl, PMID:21734470]",4,12,1,14996,0.0833333333333333,0.25,query_1,['GO:0072593']
GO:BP,GO:0160307,protein biosynthetic process,0.0411085673198972,True,"""The chemical reactions and pathways resulting in the formation of protein."" [Wikipedia:Protein_biosynthesis]",354,12,3,14996,0.25,0.0084745762711864,query_1,"['GO:0009059', 'GO:0010467', 'GO:0019538']"
GO:BP,GO:0006457,protein folding,0.0411085673198972,True,"""The process of assisting in the covalent and noncovalent assembly of single chain polypeptides or multisubunit complexes into the correct tertiary structure."" [GOC:go_curators, GOC:rb]",95,12,2,14996,0.1666666666666666,0.0210526315789473,query_1,"['GO:0009987', 'GO:0051604']"
GO:MF,GO:0016903,"oxidoreductase activity, acting on the aldehyde or oxo group of donors",0.0439256290905104,True,"""Catalysis of an oxidation-reduction (redox) reaction in which an aldehyde or ketone (oxo) group acts as a hydrogen or electron donor and reduces a hydrogen or electron acceptor."" [GOC:ai]",39,17,1,21077,0.0588235294117647,0.0256410256410256,query_1,['GO:0016491']
GO:MF,GO:0005488,binding,0.0441698523408556,True,"""The selective, non-covalent, often stoichiometric, interaction of a molecule with one or more specific sites on another molecule."" [GOC:ceb, GOC:mah, ISBN:0198506732]",13670,17,15,21077,0.8823529411764706,0.001097293343087,query_1,['GO:0003674']
GO:MF,GO:0016209,antioxidant activity,0.0474849552812816,True,"""Inhibition of the reactions brought about by dioxygen (O2) or peroxides. Usually the antioxidant is effective because it can itself be more easily oxidized than the substance protected. The term is often applied to components that can trap free radicals, thereby breaking the chain reaction that normally leads to extensive biological damage."" [ISBN:0198506732]",44,17,1,21077,0.0588235294117647,0.0227272727272727,query_1,['GO:0003674']
GO:CC,GO:0032991,protein-containing complex,0.0497539404539151,True,"""A stable assembly of two or more macromolecules, i.e. proteins, nucleic acids, carbohydrates or lipids, in which at least one component is a protein and the constituent parts function together."" [GOC:dos, GOC:mah]",2976,11,6,12235,0.5454545454545454,0.002016129032258,query_1,['GO:0005575']
