Zfin olfactory system,Daniocell OE,Daniocell olfactory (not OE)
mScarlet,adma,BX324188.1
abca5,agr2,calm2b
abca12,anxa1a,chodl
abcc4,apoeb,cnga3b
ackr3b,c8h22orf15,CU681855.1
acsbg2,ccdc169,dpysl5a
acsl1b,ccdc17,ebf2
acsl4a,ccna2,elavl3
acy1,cdca5,emx1
adam19b,cfap157,emx2
adcyap1b,cfl1l,eno1a
adgb,cldne,fabp10b
adgrg6,col11a1a,foxj1a
adorb1a,col14a1a,foxj1b
adra2a,col1a1a,gap43
agbl2,col1a1b,gapdhs
agbl4,col1a2,gmnc
agbl5,CR407547.1,gnal
agr1,crocc2,gnao1b
agr2,dla,gnb1a
agtpbp1,dmrt3a,gng13b
ahcyl1,egfl6,gng8
ahi1,elavl3,h3f3d
ak4,FO904966.1,hnrnpaba
ak7b,gmnc,inaa
ak8,gna14,inab
alcamb,gnal,inafm2
aldh3b1,gng13b,lhx2a
aldoaa,h3f3a,mafaa
aldocb,her4.2,neurod1
alox12,hmgb2a,neurod4
alpl,hmgb2b,neurod6b
alx3,hmgn2,nrsn1
ampd3b,igf2b,ompa
ankrd45,krt18b,ompb
anos1a,krt1-c5,ora3
anos1b,krt8,ora6
anxa5b,mad2l1,ppp1r14ba
anxa11a,malb,ptmab
anxa11b,matn4,pvalb5
anxa13l,mhc2dbb,rtca
ap1s1,moxd1l,s100z
ap1s3b,muc5e,si:ch211-153b23.5
ap2m1a,neurod4,si:ch211-193l2.6
aplp1,nudt9,si:ch211-222l21.1
aplp2,odf3b,si:dkey-261e22.4
apoeb,ompb,stmn1a
appa,si:ch211-207n23.2,stmn1b
appb,si:ch211-243g18.2,tfap2e
appl1,si:dkey-11c5.11,tmsb
appl2,si:dkey-247k7.2,trpc2b
aqp4,si:dkey-88n24.12,tuba1c
ar,six3b,v2rl1
arfip2b,sox7,
arhgef1a,sp8a,
arhgef7b,sp8b,
arl13a,srd5a2b,
arl13b,stm,
arnt2,stmn1a,
arrb2b,tbata,
arrdc1a,tmsb4x,
ascl1a,tubb2b,
asic2,wu:fj16a03,
atf5a,zgc:101785,
atf5b,,
atp1a1a.2,,
atp1a1a.4,,
atp1a2a,,
atp1a3a,,
atp1a3al,,
atp1a3b,,
atp1b1a,,
atp1b1b,,
atp1b2a,,
atp2b1a,,
atp6v1aa,,
atp6v1ba,,
atp6v1c1b,,
atp11c,,
atxn1a,,
atxn1b,,
b4galt1,,
bap1,,
barx2,,
bcl2l1,,
bcl2l10,,
bdnf,,
bhlhe22,,
bmp4,,
bmp5,,
boc,,
brpf1,,
btg1,,
ca2,,
cabin1,,
cacnb1,,
cacnb2a,,
cadm1a,,
cadm1b,,
cadm2a,,
cadm2b,,
cadm3,,
cadm4,,
cadpsa,,
calb2a,,
calb2b,,
calm1a,,
calm1b,,
calm2a,,
calr,,
camk1gb,,
camk2g1,,
camk4,,
capn1,,
capn2l,,
capn9,,
capns1a,,
capns1b,,
capsla,,
capslb,,
cart4,,
casp3a,,
casp9,,
casp20,,
casr,,
casz1,,
catip,,
cbfa2t3,,
cby1,,
cc2d2a,,
ccdc24,,
ccdc40,,
ccdc85al,,
ccdc103,,
ccnd1,,
ccng2,,
cd9b,,
cd34,,
cd99l2,,
cdc25d,,
cdc42ep3,,
cdh1,,
cdh23,,
cdr2l,,
cebp1,,
celsr1a,,
celsr1b,,
celsr3,,
cep83,,
cep290,,
Cerulean,,
cetn4,,
cfap52,,
cfap161,,
cfap298,,
CFP,,
cgnb,,
chmp5b,,
chodl,,
chrna2a,,
cib1,,
cimap1b,,
cited4b,,
Citrine,,
cki,,
cldn3c,,
cldn7b,,
cldn8.1,,
cldnb,,
cldne,,
clstn1,,
clu,,
cnga2a,,
cnga2b,,
cnga3a,,
cnr1,,
cnrip1a,,
cntn1a,,
cntn4,,
cntn5,,
cobl,,
col12a1a,,
col14a1a,,
col18a1a,,
comtb,,
cox4i2,,
cpeb4a,,
cpn1,,
crb2a,,
crb2b,,
creb1a,,
creb3l3l,,
crhb,,
cspp1a,,
ctps1a,,
ctsf,,
cxcl12a,,
cxcr4b,,
cyb5d1,,
cyfip2,,
cyp2p10,,
cyp3c1,,
cyp3c2,,
cyp3c3,,
cyp3c4,,
cyp19a1b,,
cyp26a1,,
dap1b,,
dazap2,,
dbx1a,,
dbx1b,,
dcc,,
dcn,,
depdc7a,,
dhdh.1,,
dhrs3b,,
diras1a,,
dla,,
dlc,,
dlg1a,,
dlg2,,
dlg3,,
dlg4b,,
dlgap1a,,
dlx3b,,
dlx4b,,
dlx5a,,
dlx6a,,
dmbx1b,,
dmrt3a,,
dmrta2,,
dmxl2,,
dnaaf1,,
dnaaf3,,
dnaaf4,,
dnaaf11,,
dnah9,,
dnajb13,,
dnajc5aa,,
dnase1l4.1,,
dnmt3aa,,
dpf1,,
dpysl2b,,
dpysl3,,
dpysl4,,
dpysl5a,,
drc1,,
dre-mir-96,,
dre-mir-139,,
dre-mir-153a,,
dre-mir-182,,
dre-mir-183,,
dre-mir-221,,
dre-mir-429,,
dsc2l,,
dspa,,
DsRed,,
DsRed2,,
dusp2,,
dusp14,,
dzip1l,,
e2f5,,
ebf2,,
ebf3a,,
echdc2,,
eef1a1l1,,
efhc1,,
efhc2,,
EGFP,,
eif4ebp3l,,
elavl3,,
elf3,,
ell2,,
elmo1,,
elmo2,,
elovl1b,,
elovl7a,,
emilin1a,,
eml2,,
emx2,,
emx3,,
eno1a,,
eno2,,
eno3,,
entpd1,,
eomesa,,
epb41l3b,,
epb41l5,,
epcam,,
ephb4a,,
eps8a,,
esrp1,,
esrp2,,
etv1,,
evla,,
evlb,,
evpla,,
exoc6,,
eya1,,
eya2,,
eya3,,
EYFP,,
ezrb,,
f11r.1,,
f11r.2,,
fa2h,,
fabp10b,,
fam13a,,
fam49a,,
fam49al,,
fam221a,,
far1,,
fbxo7,,
fbxo25,,
fezf2,,
fgf8a,,
fgf8b,,
fgf10a,,
fgf13a,,
fgf17,,
fgf18a,,
fgf24,,
fgfr1a,,
fgfr2,,
flot1a,,
flot1b,,
flot2a,,
flrt1a,,
flrt1b,,
fmo5,,
fosab,,
foxg1a,,
foxj1a,,
foxj1b,,
foxn4,,
foxo1b,,
fryb,,
fstl4,,
ftr83,,
fuca1.1,,
fuca2,,
fundc1,,
fut9b.1,,
fxyd3,,
fyna,,
fzd8a,,
gabra1,,
gabra2a,,
gabra6b,,
gabrb1,,
gabrb2a,,
gabrd,,
gabrg2,,
gabrr2a,,
gabrr3b,,
gad1b,,
gad2,,
gadd45ba,,
galnt6,,
galnt18b,,
galr2b,,
gap43,,
gapdhs,,
gas2l3,,
gbgt1l4,,
GCaMP,,
gclc,,
gdf10a,,
gdnfa,,
gfap,,
gfod1,,
gfod2,,
GFP,,
gfra1a,,
gfra1b,,
gjb3,,
glula,,
glulb,,
glulc,,
gmnc,,
gna11a,,
gna11b,,
gna12a,,
gna13a,,
gna13b,,
gna14,,
gna15.1,,
gna15.2,,
gna15.3,,
gnai1,,
gnai2a,,
gnai2b,,
gnai3,,
gnaia,,
gnal,,
gnal2,,
gnao1a,,
gnao1b,,
gnaq,,
gnas,,
gnav1,,
gnaz,,
gnb1a,,
gng3,,
gng8,,
gng13b,,
gnrh2,,
gnrh3,,
gnrhr1,,
gnrhr2,,
gnrhr3,,
gnrhr4,,
gpa33a,,
gpd2,,
gper1,,
gpia,,
gpr22a,,
gpr158a,,
gpx1b,,
grhl1,,
grhl2a,,
grhl2b,,
gria1a,,
gria1b,,
gria2a,,
gria2b,,
gria3a,,
gria3b,,
gria4a,,
gria4b,,
grin1a,,
grin1b,,
grm1a,,
grm1b,,
grm2a,,
grm2b,,
grm4,,
grm5a,,
grm5b,,
grm6b,,
grm8a,,
grm8b,,
gsdmeb,,
gsna,,
gsnb,,
gsta.1,,
gstp1.2,,
gsx1,,
gsx2,,
gucy1b2,,
gucy2f,,
h1-10,,
hdac4,,
hddc3,,
hebp2,,
her6,,
hey1,,
hey2,,
hivep2a,,
hmcn2,,
hmox1a,,
hrasa,,
hs3st1l2,,
hs3st3b1a,,
hs3st4,,
hsd11b2,,
hsp70.1,,
hsp90aa1.2,,
hspb1,,
htr2cl1,,
icn,,
icn2,,
id1,,
id2a,,
idh1,,
ift46,,
ift52,,
ift70,,
ift122,,
igdcc3,,
il1rapl1b,,
il6,,
il6r,,
il6st,,
il17rd,,
ildr1a,,
ildr1b,,
im:6911434,,
im:7136398,,
im:7138809,,
im:7140827,,
im:7144838,,
im:7146844,,
im:7149055,,
im:7153388,,
im:7158540,,
im:7159184,,
impdh1a,,
inaa,,
inab,,
inka1a,,
insm1a,,
insm1b,,
ip6k2b,,
iqgap1,,
iqgap2,,
iqgap3,,
irf2bp2a,,
irf2bp2b,,
irf6,,
irf7,,
irg1l,,
irs1,,
itgb6,,
ivns1abpa,,
jag2b,,
jun,,
junbb,,
jupa,,
Kaede,,
katnal1,,
kcnd3,,
kcnip1b,,
kcnj2a,,
kcnj12b,,
kcnj15,,
kcnj16a,,
kcnk2b,,
kcnk10a,,
kcnk10b,,
kcnma1a,,
kcnma1b,,
kcnn1b,,
kcnt1a,,
kcnt1b,,
kdm5bb,,
kif5aa,,
kif5ab,,
kif15,,
kif17,,
kirrel3l,,
kiss1ra,,
klf4,,
klf6a,,
klf7a,,
klf7b,,
klhl13,,
krt8,,
krt18a.1,,
krt97,,
lama5,,
lamb2l,,
ldb3a,,
ldhba,,
lgmn,,
lhx2a,,
lin7a,,
linc-csnk1a1,,
linc-srd5a2a,,
lingo3a,,
llgl2,,
lmln,,
lmo3,,
lmo4a,,
lmo4b,,
lnx2b,,
lrfn5a,,
lrrc3b,,
lrrc23,,
lrrk2,,
lsm7,,
lsr,,
lye,,
mab21l1,,
mafaa,,
map1aa,,
map1lc3a,,
map6a,,
map9,,
mapk1,,
mapk14a,,
mapk15,,
marcksl1a,,
marveld2b,,
mbnl2,,
mbpa,,
mCherry,,
mcoln1b,,
mdh1aa,,
mdh2,,
mdm2,,
mecom,,
mef2aa,,
mef2ca,,
mef2d,,
meis1a,,
meis1b,,
meis2a,,
meis2b,,
mex3a,,
mfsd14a2,,
mgst3b,,
mical2b,,
mid1ip1b,,
mir34b,,
mir34c,,
mir141,,
mir187,,
mir200a,,
mir200b,,
mir200c,,
mitfb,,
mlf1,,
mllt3,,
mmp25b,,
mns1,,
morn3,,
mpp2b,,
mpp7a,,
mpz,,
mpzl2b,,
mRFP,,
mRFP1,,
mrps33,,
msi1a,,
msi2b,,
mt2,,
mtnr1aa,,
mtnr1ba,,
mtnr1c,,
mvp,,
mxi1,,
myb,,
myh10,,
myo1eb,,
myo5b,,
myt1a,,
naalad2,,
nap1l1,,
nbeaa,,
ncam1a,,
ncam1b,,
ncam2,,
ncs1a,,
ncs1b,,
ndel1a,,
ndfip1,,
ndrg3b,,
ndst3,,
necab1,,
nectin1b,,
nefla,,
neflb,,
nell2a,,
nell2b,,
nes,,
neurod1,,
neurod4,,
neurod6b,,
neurog1,,
nfatc1,,
nfe2l2a,,
nfkbiaa,,
nfkbib,,
ngfb,,
nlgn2a,,
nlgn2b,,
nlgn3a,,
nlgn3b,,
nme5,,
nolc1,,
nos2a,,
notch1a,,
npffr1l1,,
npffr1l2,,
npffr1l3,,
nptna,,
nptnb,,
nptx2a,,
npvf,,
nr1d2a,,
nr2e1,,
nr4a1,,
nrp1a,,
nrp1b,,
nrp2a,,
nrp2b,,
nrsn1,,
nsfa,,
nsmfb,,
nt5e,,
ntn1b,,
nudt9,,
nxnl2,,
oclna,,
oclnb,,
odad1,,
odad3,,
ogg1,,
olfcd2,,
olfcd3,,
olfcg1,,
olfcj1,,
olfcn1,,
olfcq1,,
olfct1,,
olfcu1,,
olfm1a,,
olfm1b,,
ompa,,
ompb,,
opcml,,
oprd1b,,
oprk1,,
or6at1,,
or30bt1,,
or30bt2,,
or30bt3,,
or30bx1,,
or40a1,,
or42c1,,
or42c2,,
or42c3,,
or42c4,,
or42c5,,
or42d1,,
or42e1,,
or42e3,,
or55a1,,
or55a2,,
or55d1,,
or55e1,,
or61c2,,
or62a2,,
or62c5,,
or64b2,,
or70a4,,
or70b1,,
or71al2,,
or71at1,,
or80a6,,
or90d3,,
or91a3,,
or93a1,,
or109-6,,
or114-2,,
ora1,,
ora2,,
ora3.1,,
ora3.2,,
ora4,,
ora5,,
ora6,,
osbpl2b,,
otx1,,
otx2a,,
otx2b,,
ovol1a,,
oxr1a,,
oxr1b,,
pacsin3,,
padi2,,
pafah1b1a,,
pafah1b1b,,
pank1b,,
panx1a,,
panx1b,,
paqr5a,,
paqr5b,,
pard3ba,,
pawr,,
pax2a,,
pax6a,,
pcdh7b,,
pcdh17,,
pcdh19,,
pcgf6,,
pcna,,
pcnt,,
pdcd6ip,,
pdcl,,
pde6d,,
pde10a,,
pdia8,,
per2,,
perp,,
pgd,,
pgk1,,
pgr,,
phlda2,,
pik3c2a,,
pik3r3b,,
pin1,,
pir,,
pitx3,,
pkd2,,
pkma,,
pkp1b,,
plcb3,,
plpp7a,,
plppr2a,,
plxnb2b,,
pnp6,,
ppargc1a,,
ppl,,
ppp1r14ba,,
ppp1r15b,,
ppp3ca,,
ppp3cb,,
ppp3r1a,,
ppp3r1b,,
prdm5,,
prdm8b,,
prdm12a,,
prdm13,,
prdm14,,
prdm16,,
prdx1,,
prdx5,,
prl2,,
prok2,,
prom1a,,
prss60.2,,
psap,,
ptmaa,,
ptmab,,
ptp4a3a,,
ptprdb,,
ptprn2l,,
ptprsa,,
pvalb5,,
pvalb8,,
pvrl2l,,
pxylp1,,
pycard,,
pyya,,
quo,,
r3hdm1,,
rab2a,,
rab3ip,,
rab6bb,,
rab11al,,
rab11ba,,
rab14,,
rab40b,,
rag1,,
ranbp9,,
rassf7b,,
rbfox1,,
reep5,,
rer1,,
RFP,,
rfx2,,
rhbdl2,,
ribc2,,
ripk4,,
rln1,,
rltgr,,
rnf114,,
rnf128a,,
rnf185,,
robo2,,
robo3,,
rorca,,
rp2,,
rprma,,
rprmb,,
rsph9,,
rtbdn,,
rtca,,
rtn1a,,
rtn3,,
rtn4a,,
rtn4b,,
rtn4rl1b,,
runx1,,
ruvbl1,,
s1pr2,,
s100a1,,
s100a10a,,
s100a11,,
s100b,,
s100s,,
s100t,,
s100z,,
satb2,,
sb:cb11,,
sb:cb113,,
sb:cb122,,
sb:cb234,,
sb:cb247,,
sb:cb258,,
sb:cb338,,
sb:cb492,,
sb:cb743,,
sb:cb829,,
sb:cb878,,
sb:cb887,,
sb:cb951,,
sb:cb1018,,
sb:cb1042,,
sb:cb1050,,
sb:eu956,,
scg3,,
scg5,,
scinla,,
scml4,,
scn1ba,,
scn1bb,,
scn1laa,,
scube1,,
selenot1a,,
selenow1,,
selenow2b,,
sema3d,,
sema4c,,
sema6a,,
septin3,,
septin5a,,
septin5b,,
septin6,,
septin15,,
serinc2,,
serpine2,,
sfrp1a,,
sgsm3,,
sh3bgr,,
sh3bgrl,,
sh3bgrl2,,
sh3bgrl3,,
sh3gl1a,,
shox,,
si:ch211-153b23.5,,
si:ch211-170d8.2,,
si:dkey-56m19.5,,
si:dkey-172h23.2,,
si:dkey-222f8.3,,
si:dkey-239d21.1,,
six1b,,
six3b,,
six4b,,
slc1a2b,,
slc2a3a,,
slc3a2b,,
slc4a2b,,
slc6a3,,
slc12a7b,,
slc16a3b,,
slc17a6a,,
slc17a6b,,
slc25a51a,,
slc39a14,,
slc44a2,,
slc44a4,,
slitrk2,,
slitrk3b,,
smim20,,
smox,,
sncb,,
soul2,,
soul4,,
sox2,,
sox3,,
sox9b,,
sox10,,
sox11a,,
sox21a,,
sp8a,,
sp8b,,
spag6,,
spata4,,
spata18,,
spint1a,,
spint1b,,
spint2,,
spock2,,
spock3,,
spon1b,,
spred2b,,
spry1,,
sqstm1,,
srrm4,,
srsf5a,,
st8sia2,,
st8sia3,,
st8sia4,,
st8sia5,,
st14a,,
stk38l,,
stm,,
stmn2a,,
stmn2b,,
stmn4,,
strbp,,
stxbp1b,,
stxbp2,,
sult2st3,,
sult6b1,,
syn1,,
syn2a,,
syn3,,
syt1a,,
syt4,,
syt11a,,
taar1b,,
taar10,,
taar12f,,
taar13c,,
taar14d,,
taar15,,
taar19l,,
taar20t,,
tac1,,
tac3a,,
TagRFP,,
TagRFPT,,
tanc2a,,
tbr1a,,
tbr1b,,
tbx2a,,
tbx2b,,
tcea2,,
tcf12,,
tcima,,
tekt1,,
tekt2,,
telo2,,
tenm2a,,
tenm4,,
tfap2e,,
tfe3b,,
tgfb1a,,
th,,
thbs3a,,
thoc1,,
tiparp,,
tjp1a,,
tjp1b,,
tjp2a,,
tjp2b,,
tjp3,,
tmem86a,,
tmem184a,,
tnks1bp1,,
tob1a,,
Tomato,,
tp73,,
tpi1b,,
tpst1,,
trpc2a,,
trpc2b,,
trpc3,,
trpc4b,,
trpc7a,,
trpm2,,
trpv4,,
tsc22d1,,
tshz1,,
tshz2,,
tshz3b,,
tspan2a,,
tspan34b,,
tspo,,
ttll3,,
ttll6,,
ttpa,,
tuba1b,,
twist1a,,
txnb,,
txnipa,,
uchl1,,
ugt1b1,,
unc5b,,
unc119.1,,
unc119.2,,
unc119a,,
uncx,,
uncx4.1,,
vamp8,,
Venus,,
vgll4l,,
vmn2r1,,
vsig10,,
vwa5a,,
vwc2,,
wdr1,,
wdr11,,
wu:fb18f06,,
YFP,,
ypel1,,
ywhaz,,
zbtb10,,
zbtb18,,
zfhx3b,,
zfp36l1a,,
zgc:55461,,
zgc:63569,,
zgc:64106,,
zgc:77225,,
krt18b,,
zgc:91850,,
fthl27,,
zgc:92313,,
zgc:92380,,
zgc:100829,,
pitpnc1b,,
zgc:101731,,
zgc:101772,,
zgc:109913,,
krt99,,
zgc:112490,,
zgc:163022,,
zgc:174888,,
zmynd10,,
znrf1,,
